date,name,group,impact,description,caption,image,title
2000-03-18,陈水扁当选中华民国总统,重大历史事件,5.0,https://zh.wikipedia.org/zh/2000%E5%B9%B4%E4%B8%AD%E8%8F%AF%E6%B0%91%E5%9C%8B%E7%B8%BD%E7%B5%B1%E9%81%B8%E8%88%89,,,
2001-09-11,基地组织发动911恐怖袭击,重大历史事件,5.0,,,,
2001-10-07,美军进攻阿富汗<br>反恐战争开始,重大历史事件,5.0,,,,
2001-12-11,中国正式加入WTO,重大历史事件,5.0,,,,
2001-04-01,中美南海撞机事件,重大历史事件,5.0,https://zh.wikipedia.org/zh-hans/%E4%B8%AD%E7%BE%8E%E6%92%9E%E6%9C%BA%E4%BA%8B%E4%BB%B6,,,
2013-01-15,察网 cwzg.cn,宣传平台及运动,5.0,,,,
2013-12-31,昆仑策 kunlunce.cn,宣传平台及运动,5.0,,,,
2011-01-28,海疆在线 haijiangzx.com,宣传平台及运动,5.0,,,,
2015-08-20,红德智库 hongdezk.com,宣传平台及运动,5.0,,,,
2005-12-21,中华魂网 1921.org.cn,宣传平台及运动,5.0,,,,
2014-06-24,西征网 xizhengw.com,宣传平台及运动,5.0,,,,
2013-11-07,青年力网 qingnianli.com,宣传平台及运动,5.0,,,,
2013-04-22,红色文化网 hswh.org.cn,宣传平台及运动,5.0,,,,
2014-05-12,大风网 strongwindhk.com,宣传平台及运动,5.0,,,,
2006-12-06,人文与社会 wen.org.cn,宣传平台及运动,5.0,,,,
2012-02-06,经略网 jingluecn.com,宣传平台及运动,5.0,,,,
2005-09-24,观察者网 guancha.cn,宣传平台及运动,5.0,,,,
2013-08-20,澎湃新闻 thepaper.cn,宣传平台及运动,5.0,,,,
2003-06-20,环球视野 globalview.cn,宣传平台及运动,5.0,,,,
2010-02-03,红歌会网 szhgh.com,宣传平台及运动,5.0,,,,
2011-10-19,独家网 dooo.cc,宣传平台及运动,5.0,,,,
2013-04-26,复兴网 mzfxw.com,宣传平台及运动,5.0,,,,
2013-04-07,中国集体经济网 ccenet.cn,宣传平台及运动,5.0,,,,
2014-03-18,紫网在线 ziwzx.com,宣传平台及运动,5.0,,,,
2013-07-20,中国正能量网 zhengnengliang.cn,宣传平台及运动,5.0,,,,
2002-05-02,环球网 huanqiu.com,宣传平台及运动,5.0,,,,
2015-09-13,少年中国评论(2) youngchina.review,宣传平台及运动,5.0,,,,
2008-10-21,少年中国评论(1) youngchina.org,宣传平台及运动,5.0,,,,
2016-12-06,共青团中央入驻知乎,进驻社交媒体,5.0,,,,
2018-10-01,共青团中央抖音、快手,进驻社交媒体,5.0,,,,
2013-12-27,共青团中央入驻微博,进驻社交媒体,5.0,,,,
2017-01-15,共青团中央入驻B站,进驻社交媒体,5.0,,,,
2016-07-12,共青团中央入驻微信,进驻社交媒体,5.0,,,,
2013-01-03,《南方周末》新年致辞事件,禁言与政治迫害,5.0,,,,
2018-03-02,知乎App下架7天,干预互联网市场,5.0,,,,
2018-07-26,B站被约谈 审查雇员加倍,干预互联网市场,5.0,,,,
2018-03-02,豆瓣小组停用3日,干预互联网市场,5.0,,,,
2012-03-16,新浪、搜狐、网易、腾讯微博实名制,数字监控与审查,5.0,,,,
2016-06-01,《网络安全法》生效全网实名制,数字监控与审查,5.0,,,,
2017-10-01,《互联网跟帖评论服务管理规定》评论跟帖实名制,数字监控与审查,5.0,,,,
2016-07-17,《炎黄春秋》人事替换和停刊声明,禁言与政治迫害,5.0,,,,
2017-01-21,天则经济研究所旧网站被关,禁言与政治迫害,5.0,,,,
2018-02-25,习近平修宪删除任期限制,重大历史事件,5.0,,,,
2012-04-07,红色中国网 redchinacn.net,宣传平台及运动,5.0,,,,
2019-06-09,香港百万人“反逃犯條例”大游行,重大历史事件,5.0,https://zh.wikipedia.org/wiki/2019%E5%B9%B46%E6%9C%889%E6%97%A5%E5%8F%8D%E5%B0%8D%E9%80%83%E7%8A%AF%E6%A2%9D%E4%BE%8B%E4%BF%AE%E8%A8%82%E8%8D%89%E6%A1%88%E9%81%8A%E8%A1%8C,,,
2019-03-04,“华尔街见闻”遭罚,干预互联网市场,5.0,,,,
2019-06-10,“华尔街见闻”网站和App下线整改,干预互联网市场,5.0,上海網信辦在其微信公眾號中表示，《華爾街見聞》涉及「在未獲資格的情況下，違規刊載新聞訊息，且內容導向存在偏差，擾亂網路訊息傳播秩序」因此將「約談《華爾街見聞》負責人，責令其停止違規行為，要求展開全面整改，並祭出罰款。」https://ec.ltn.com.tw/article/breakingnews/2717038,,,
2019-04-24,今日头条跟帖评论整改,干预互联网市场,5.0,全天候科技报道 https://awtmt.com/articles/3517285?from=wscn,,,
2010-03-23,谷歌退出中国市场Google.cn，此前Google于<br>2010-01-12声明将在Google.cn上停止审查搜索结果,干预互联网市场,5.0,https://archive.fo/fkCaW,,,
2005-09-25,《互联网新闻信息服务管理规定》实施,数字监控与审查,5.0,,,,
2012-02-06,王立军事件,重大历史事件,5.0,王立军进入美国驻成都总领事馆并提出了政治避难申请。,,,
2008-08-08,北京奥运会开幕,重大历史事件,5.0,举国之力办北京奥运会增加国际影响力。,,,
2008-05-12,汶川大地震9万人死亡或失踪,重大历史事件,5.0,联合国报告https://www.recoveryplatform.org/assets/publication/UNCRD_Sichuan_Report_2009_CN.pdf,,,
2005-09-01,学生信息员制度扩展至<br>大部分高校甚至一些中学,打击学术自由,5.0,https://zh.wikipedia.org/zh-hans/%E5%AD%A6%E7%94%9F%E4%BF%A1%E6%81%AF%E5%91%98%E5%88%B6%E5%BA%A6,,,
2014-10-15,习近平主持召开文艺工作座谈会,文化文艺娱乐,5.0,新闻存档 https://archive.li/tDTZd,,,
2019-05-23,晋江文学城被整改<br>小说电影写作尺度收紧,文化文艺娱乐,5.0,,,,
2000-09-20,《互联网信息服务管理办法》实施,数字监控与审查,5.0,提供新闻、出版、视听、文化、教育、医疗保健、药品、医疗器械服务需申请行政许可证 https://archive.li/hf56F,,,
2006-04-01,谷歌中国成立Google.cn,重大历史事件,5.0,,,,
2018-02-27,苹果中国iCloud转交“云上贵州”运营,干预互联网市场,5.0,,,,
2005-12-29,《新京报》撤编事件,禁言与政治迫害,5.0,https://zh.wikipedia.org/zh-hans/%E6%96%B0%E4%BA%AC%E6%8A%A5%E6%92%A4%E7%BC%96%E4%BA%8B%E4%BB%B6,,,
2019-06-03,《新京报》创始人戴自更被抓,禁言与政治迫害,5.0,新京报原社长戴自更被抓内幕https://terminus2049.github.io/archive/2019/06/07/dai-zi-geng.html,,,
2011-09-21,烏坎事件爆发,重大历史事件,5.0,,,,
2008-03-14,西藏骚乱,重大历史事件,5.0,https://zh.wikipedia.org/zh-hans/2008%E5%B9%B4%E8%A5%BF%E8%97%8F%E9%AA%9A%E4%B9%B1,,,
2009-07-05,乌鲁木齐七五事件,重大历史事件,5.0,https://zh.wikipedia.org/zh-hans/%E4%B9%8C%E9%B2%81%E6%9C%A8%E9%BD%90%E4%B8%83%E4%BA%94%E4%BA%8B%E4%BB%B6,,,
2014-03-01,昆明火车站暴恐袭击,重大历史事件,5.0,https://zh.wikipedia.org/zh-hans/2014%E5%B9%B4%E6%98%86%E6%98%8E%E7%81%AB%E8%BD%A6%E7%AB%99%E6%9A%B4%E5%8A%9B%E6%81%90%E6%80%96%E8%A2%AD%E5%87%BB%E4%BA%8B%E4%BB%B6,,,
2005-07-28,《南方周末》集体辞职事件,禁言与政治迫害,5.0,《南方周末》城市版主编陈菊红，头版编辑方三文，消费广场主编曹西洪已经递交辞职报告，记者李玉宵，杨海鹏，翟明磊，贾明，朱强，杜卫东，甄茜，江华，贾明，周浩已经明确离职意向。,,,
2012-04-06,中国选举与治理网被关,禁言与政治迫害,5.0,2013年9月前后，网站恢复运作，目前已被中国政府屏蔽。http://www.chinaelections.org/,,,
2012-04-06,乌有之乡(1)被关,禁言与政治迫害,5.0,2013年4月24日重新注册新网址wyzxwk.com,,,
2003-06-28,乌有之乡(1) wyzxsx.com,宣传平台及运动,5.0,存档 https://web.archive.org/web/20051101102049/http://www.wyzxsx.com/,,,
2013-04-24,乌有之乡(2) wyzxwk.com,宣传平台及运动,5.0,,,,
2011-05-01,美军击毙奥萨玛·本拉登,重大历史事件,5.0,,,,
2014-02-23,克里米亞危机爆发,重大历史事件,5.0,,,,
2008-09-15,雷曼兄弟破产,重大历史事件,5.0,,,,
2008-03-18,马英九当选中华民国总统,重大历史事件,5.0,,,,
2016-03-18,蔡英文当选中华民国总统,重大历史事件,5.0,,,,
2016-11-08,Donald Trump当选美国总统,重大历史事件,5.0,,,,
2020-01-11,台湾总统大选 現任總統蔡英文以我國總統直選以來得票數最高的817萬票，以超過260萬張票的差距，壓倒性大勝對手韓國瑜552萬，成功連任總統,重大历史事件,5.0,https://opinion.udn.com/opinion/story/11658/4281805,,,
2014-09-28,香港占中运动开始,重大历史事件,5.0,,,,
2014-03-18,台湾太阳花学运,重大历史事件,5.0,,,,
2015-11-07,两岸领导人会面(马习会),重大历史事件,5.0,,,,
2018-10-30,问答网站品葱关闭,禁言与政治迫害,5.0,pin-cong.com,,,
2018-10-11,墙外楼被关闭,禁言与政治迫害,5.0,,,,
2019-01-01,学习强国 xuexi.cn,宣传平台及运动,5.0,,,,
2008-12-08,《零八宪章》发表,重大历史事件,5.0,,,,
2014-04-01,人民日报旗下“学习小组”<br>公众号发表第一篇文章,进驻社交媒体,5.0,人民日报5个年轻人维护的公众号 https://archive.li/esYTI；“侠客岛”和“学习小组”的逆袭故事 https://archive.li/bttFg,,,
2012-11-21,神秘微博“学习粉丝团”上线,进驻社交媒体,5.0,2013-02-05停止更新，https://archive.li/5VF4l；魏武挥：“学习粉丝团：习近平的阿凡达?”纽约时报中文版 https://archive.li/30BjG,,,
2020-11-03,美国总统大选投票日,重大历史事件,5.0,,,,
2019-03-27,清华法学教授许章润被停职,打击学术自由,5.0,纽约时报中文版报道 https://archive.vn/J6pTb,,,
2019-01-03,国家教材委员会下令<br>全面摸底宪法学教材,打击学术自由,5.0,https://terminus2049.github.io/archive/2019/01/31/ngocn-interview-zhangqianfan.html,,,
2013-04-22,中办印发9号文件《关于当前意识形态领域情况的通报》<br>七不讲：普世价值、新闻自由、公民社会、公民权利、<br>党的历史错误、权贵资产阶级、司法独立,打击学术自由,5.0,网传全文 https://archive.li/X4sq5；纽时报道	https://archive.li/RWYay；https://program-think.blogspot.com/2013/06/weekly-share-53.html,,,
2015-01-19,中办、国办《关于进一步加强和改进新形势下高校宣传思想工作的意见》,打击学术自由,5.0,新华网报道 https://archive.li/64n3G,,,
2017-08-22,剑桥大学出版社被施压短暂针对<br>中国内地封锁《中国季刊》300多篇文章,打击学术自由,5.0,BBC报道 https://web.archive.org/web/20190616043729/https://www.bbc.com/zhongwen/simp/chinese-news-40975474,,,
2017-11-02,Springer Nature被施压針對<br>中國封鎖上千篇學術文章,打击学术自由,5.0,相关报道 https://archive.li/RgdCy,,,
2007-05-15,共青团中央在北京启动“青马工程”,党团人事组织,5.0,百度百科 https://archive.fo/slVAW；,,,
2017-12-28,中青报：10年来，各级“青马班”共培养<br>大学生骨干超过120万人，“青马工程”<br>已经在全国高校落地生根,党团人事组织,5.0,中国青年报青马工程十周年报道 https://archive.li/rxANU,,,
2014-12-25,多所高校呼吁抵制“圣诞节”,文化文艺娱乐,5.0,乌有之乡报道 https://archive.li/bza53,,,
2017-09-02,北大教授张千帆被举报危害国家安全,打击学术自由,5.0,黎阳举报原文昆仑策 https://archive.md/SNXZh,,,
2017-07-03,重庆师范大学副教授谭松因研究“土改”问题被学校解聘,打击学术自由,5.0,谭松：嘻，我终于被扫出门了！https://archive.li/d3Wwk,,,
2017-08-11,北师大副教授史杰鹏因微博“批评毛泽东”遭解聘,打击学术自由,5.0,纽约时报中文网 https://archive.li/JlMQ8,,,
2019-06-13,“翻墙罪”落地？<br>网信办《个人信息出境安全评估办法》公开征询,数字监控与审查,5.0,新华网报道https://archive.li/8dpQ3；自由亚洲电台报道 https://archive.li/1EIIx,,,
2018-01-10,新版八年级历史教科书删文革“错误”,打击学术自由,5.0,自由亚洲电台 https://archive.li/HcVTy,,,
2019-01-15,新版六年级语文课本删除“上帝”“圣经”等字眼,打击学术自由,5.0,寒冬 https://archive.li/4hXWr,,,
2001-04-25,“金盾工程”经国务院批准立项,数字监控与审查,5.0,https://chinadigitaltimes.net/space/%E9%98%85%E5%90%8E%E5%8D%B3%E7%84%9A%EF%BC%9AGFW%E7%9A%84%E5%89%8D%E4%B8%96%E4%BB%8A%E7%94%9F%EF%BC%8C%E4%B8%80%E9%83%A8GFW%E4%B9%8B%E7%88%B6%E6%96%B9%E6%BB%A8%E5%85%B4%E7%9A%84%E5%8F%91%E5%AE%B6%E5%8F%B2,,,
2002-09-03,“Google.com”被封锁9天,数字监控与审查,5.0,https://chinadigitaltimes.net/space/%E9%98%85%E5%90%8E%E5%8D%B3%E7%84%9A%EF%BC%9AGFW%E7%9A%84%E5%89%8D%E4%B8%96%E4%BB%8A%E7%94%9F%EF%BC%8C%E4%B8%80%E9%83%A8GFW%E4%B9%8B%E7%88%B6%E6%96%B9%E6%BB%A8%E5%85%B4%E7%9A%84%E5%8F%91%E5%AE%B6%E5%8F%B2,,,
2006-11-16,“金盾工程”一期在北京正式通过国家验收,数字监控与审查,5.0,https://chinadigitaltimes.net/space/%E9%98%85%E5%90%8E%E5%8D%B3%E7%84%9A%EF%BC%9AGFW%E7%9A%84%E5%89%8D%E4%B8%96%E4%BB%8A%E7%94%9F%EF%BC%8C%E4%B8%80%E9%83%A8GFW%E4%B9%8B%E7%88%B6%E6%96%B9%E6%BB%A8%E5%85%B4%E7%9A%84%E5%8F%91%E5%AE%B6%E5%8F%B2,,,
2003-09-02,“金盾工程”全面启动,数字监控与审查,5.0,http://www.chinagfw.org/2010/02/gfw_4590.html,,,
2007-07-17,中国国内电邮用户与国外通信<br>出现大量退信、丢信等普遍现象,数字监控与审查,5.0,http://www.chinagfw.org/2010/02/gfw_4590.html,,,
2009-08-10,方滨兴在”第一届中国互联网治理与法律论坛”<br>上大力鼓吹网络实名制,数字监控与审查,5.0,http://www.chinagfw.org/2010/02/gfw_4590.html,,,
2007-04-06,GFW已在北京、上海、广州、长沙建立了互相镜像的4套主系统,数字监控与审查,5.0,http://www.chinagfw.org/2010/02/gfw_4590.html,,,
2002-11-30,经费6600万的“大范围宽带网络动态阻断系统”项目获国防科学技术二等奖,数字监控与审查,5.0,http://www.chinagfw.org/2010/02/gfw_4590.html,,,
2003-01-31,经费4.9亿的”国家信息安全管理系统”<br>（005工程）获2002年度国家科技进步一等奖,数字监控与审查,5.0,http://www.chinagfw.org/2010/02/gfw_4590.html,,,
2009-06-24,Google服务Gmail，Gtalk，Google Docs等短暂被墙,数字监控与审查,5.0,http://www.chinagfw.org/2010/02/gfw_4590.html,,,
2009-06-02,Twitter和Bing等微软服务被墙,数字监控与审查,5.0,http://www.chinagfw.org/2010/02/gfw_4590.html,,,
2009-07-07,Facebook被墙,数字监控与审查,5.0,http://www.chinagfw.org/2010/02/gfw_4590.html,,,
2018-08-22,历史和经济学家秦晖被清华辞退<br>赴香港中文大学任教,打击学术自由,5.0,Twitter报道 https://archive.li/xxFEc,,,
2019-06-16,香港近200万人“反逃犯条例”大游行,重大历史事件,5.0,,,,
2019-03-06,贵州党校教授尹振环因《西汉竹书<老子>注释<br>评介今译》存在“严重的政治问题”宣布予以撤项,打击学术自由,5.0,相关报道 https://archive.li/ZkKhB,,,
2019-04-28,清华许章润赴日就医被限制离境,打击学术自由,5.0,相关报道 https://archive.fo/LjaNv,,,
2018-11-05,天则所所长盛洪赴美参加学术会议<br>被北京当局以“危害国家安全”为由禁止出境,打击学术自由,5.0,相关报道 https://archive.li/YgjNO,,,
2018-10-12,浙江传媒学院文学院副院长赵思运<br>训勉学生培养独立人格遭处分,打击学术自由,5.0,相关报道 https://archive.li/elrQc,,,
2019-03-20,重庆师范大学副教授唐云因在教学中<br>「发表损害国家声誉的言论」被撤教师资格,打击学术自由,5.0,相关报道 https://archive.li/2HVrQ,,,
2018-09-30,贵州大学经济学院教授杨绍政<br>因指中共年耗20万亿被校方开除,打击学术自由,5.0,相关报道 https://archive.li/p5Gy5,,,
2018-09-01,厦门大学人文学院历史系<br>助理教授周运中因网上言论被解雇,打击学术自由,5.0,相关报道 https://archive.li/pueqn,,,
2018-04-25,北京建筑大学许传青副教授因课堂言论被行政记过,打击学术自由,5.0,多维报道https://archive.li/J2JzT；察网 https://archive.li/PHfvl,,,
2017-01-10,山东建筑大学艺术学院副院长、教授邓相超<br>因网上辱毛言论被强制退休,打击学术自由,5.0,相关报道 https://archive.li/0RNyC,,,
2017-08-01,山东工商学院政法学院政治系李默海副教授<br>因网上发布错误言论被学院停职、党校解聘,打击学术自由,5.0,相关报道 https://archive.li/a8aoP；澎湃新闻 https://archive.li/jtsun,,,
2018-05-22,中南财经政法大学翟桔红副教授<br>政治学课堂妄议修宪被离职、开除党籍,打击学术自由,5.0,相关报道 https://archive.li/frife,,,
2018-06-30,厦门大学71岁教授尤盛东被校方<br>以言论“偏激”为由解聘,打击学术自由,5.0,相关报道 https://archive.li/gU97U,,,
2019-03-21,北大前讲师、左派编辑柴晓明被控<br>涉嫌“颠覆国家政权罪”监视居住,打击学术自由,5.0,相关报道 https://archive.li/vC8B9；维基百科 https://archive.li/p66uk,,,
2013-11-15,微博21万粉丝的北京大学法学院教授张千帆遭全网封号,禁言与政治迫害,5.0,相关报道 https://archive.li/3hgzB,,,
2015-12-12,《南风窗》主笔李北方察网发文攻击张千帆汉奸,打击学术自由,5.0,原文 https://archive.li/3hgzB,,,
2019-03-25,清华马克思主义学院副教授吕嘉被学生举报<br>其思政课件“反党违宪”,打击学术自由,5.0,https://www.bbc.com/zhongwen/simp/chinese-news-47810800,,,
2013-05-06,茅于轼受到《环球时报》发文攻击，同期受毛左<br>频繁骚扰攻击称其“美国豢养的汉奸走狗”,打击学术自由,5.0,https://archive.li/RN7aY；https://archive.li/7KLpJ,,,
2013-06-30,国防大学、总政、总参三部、社科院、现代关系所<br>联合推出强调意识形态斗争的《较量无声》纪录片<br>各单位学校强制观看该片并要求写观后感,打击学术自由,5.0,维基百科 https://zh.wikipedia.org/zh-hans/%E8%BE%83%E9%87%8F%E6%97%A0%E5%A3%B0,,,
2014-06-27,国务院发布《社会信用体系建设规划纲要（2014—2020年）》,数字监控与审查,5.0,官方原文 https://web.archive.org/web/20190617160150/http://www.gov.cn/zhengce/content/2014-06/27/content_8913.htm,,,
2015-08-31,发改委和人民银行联合发文，将沈阳、青岛、南京、<br>无锡、宿迁、杭州、温州、义乌、合肥、芜湖、成都<br>等11个城市列入首批全国创建社会信用体系建设示范城市,数字监控与审查,5.0,官方原文 https://archive.fo/zs1M5；官媒 https://archive.fo/b3vcK,,,
2016-04-06,发改委和人民银行联合印发《国家发展改革委中国人民<br>银行关于同意北京市海淀区等32个城市（城区）创建<br>社会信用体系建设示范城市（城区）工作方案的复函》<br>（发改财金[2016]769号）,数字监控与审查,5.0,官媒报道 https://archive.fo/b3vcK,,,
2017-12-28,发改委和人民银行联合发文确立12个城市为社会信用体系建设示范城市,数字监控与审查,5.0,官方文件 https://archive.fo/rMneA,,,
2018-05-01,全国社会信用系统开始限制<br>严重失信人乘坐火车、民用航空器,数字监控与审查,5.0,官方通告 https://archive.fo/29WmP；新华网 https://archive.fo/x0zPE；路透社 https://web.archive.org/web20180316230025/http://www.reuters.com/article/us-china-credit/china-to-bar-people-with-bad-social-credit-from-planes-trains-idUSKCN1GS10S,,,
2018-01-02,《中共中央 国务院关于实施乡村振兴战略的意见》<br>“雪亮工程”首次被写入中央一号文件,数字监控与审查,5.0,官方公告 	https://archive.li/krkoA；新华网报道 https://archive.vn/RA35I；法制日报《》 https://archive.li/bl6mH,,,
2013-12-31,山东临沂市平邑县开始试点建设雪亮工程,数字监控与审查,4.0,法制网报道 https://archive.li/7gpbm；,,,
2015-05-06,发改委等9部位联合发布《关于加强公共安全视频监<br>控建设联网应用工作的若干意见》启动“雪亮工程”,数字监控与审查,5.0,官方公告 https://web.archive.org/web/20190619132312/http://www.ndrc.gov.cn/zcfb/zcfbtz/201505/t20150513_691578.html,,,
2015-09-23,全国社会治安防控体系建设工作会议召开<br>向全国推广临沂经验,数字监控与审查,5.0,中国长安网 https://archive.li/7gpbm；法制网 https://archive.li/bl6mH,,,
2018-03-02,歌颂18大以来中共成绩的影片<br>《厉害了，我的国》全国上映,文化文艺娱乐,5.0,维基百科 https://zh.wikipedia.org/zh-hans/%E5%8E%89%E5%AE%B3%E4%BA%86%EF%BC%8C%E6%88%91%E7%9A%84%E5%9B%BD,,,
2019-06-15,电影《八百》被取消放映，该片被指因歌颂<br>国民党抗战而遭体制内的极左派抵制,文化文艺娱乐,5.0,自由亚洲报道 https://www.rfa.org/cantonese/news/censorship-06152019100833.html；https://archive.li/ifINZ,,,
2019-02-01,美国宣布暂停履行《中导条约》义务<br>北约表示支持,重大历史事件,5.0,https://www.voachinese.com/a/us-withdraw-russia-missile-treaty-20190201/4768342.html,,,
2018-12-03,6部委发文《关于进一步清理整治不规范地名的通知》<br>全国整治“大、洋、怪、重”等不规范地名,文化文艺娱乐,5.0,报道 https://archive.fo/vqitm；BBC报道 https://archive.li/WOair；原文https://web.archive.org/web/20190619201804/http://www.hebmz.gov.cn/mzzx/tzgg/201902/W020190221626711864057.pdf；https://www.solidot.org/story?sid=61047,,,
2018-05-01,《英烈保护法》开始实施<br>被指禁止公众质疑中共历史,数字监控与审查,5.0,维基百科 https://zh.wikipedia.org/zh-hans/%E4%B8%AD%E5%8D%8E%E4%BA%BA%E6%B0%91%E5%85%B1%E5%92%8C%E5%9B%BD%E8%8B%B1%E9%9B%84%E7%83%88%E5%A3%AB%E4%BF%9D%E6%8A%A4%E6%B3%95,,,
2019-06-17,《南京市社会信用条例（草案）》<br>拟将“亵渎英烈”者列为失信人,数字监控与审查,4.0,https://archive.li/bT6MG；草案 http://www.njcredit.gov.cn/63577/201906/P020190618524435026427.doc,,,
2017-05-17,RFA报道新疆建立DNA数据库 采集维族人DNA样本,数字监控与审查,5.0,https://www.rfa.org/cantonese/news/DNA-05172017095946.html,,,
2010-08-20,新华社报道长春完成部署“天网工程”,数字监控与审查,4.0,https://archive.li/xQxNw,,,
2017-12-10,BBC记者挑战天网工程仅7分钟就被抓,数字监控与审查,5.0,https://archive.li/R4ypA；https://www.bbc.com/news/av/world-asia-china-42248056/in-your-face-china-s-all-seeing-state,,,
2019-03-22,团中央印发《关于深入开展乡村振兴青春建功<br>行动的意见》3年内动员1千万人次三下乡,党团人事组织,5.0,辟谣 https://archive.li/3xtZm；文件 https://web.archive.org/web/20190619222041/http://www.ccyl.org.cn/documents/zqf/201904/P020190409601867844904.pdf,,,
2019-06-19,中办印发《关于鼓励引导人才向艰苦<br>边远地区和基层一线流动的意见》,党团人事组织,5.0,新华网 https://web.archive.org/web/20190619221834/http://www.xinhuanet.com/2019-06/19/c_1124645469.htm,,,
2018-12-12,大陆掀起「推特强拆」风暴<br>数百推友被删号,禁言与政治迫害,5.0,https://web.archive.org/web/20190621015113/https://www.rfa.org/cantonese/features/hottopic/twitter-12122018062522.html,,,
2014-07-06,网络作家慕容雪村在北京被“喝茶”,禁言与政治迫害,5.0,纽约时报专栏文章 https://archive.li/84pnE；https://archive.li/kGaiU,,,
2014-05-06,参加民间“六四研讨会”的浦志强﹑胡石根﹑郝建﹑<br>徐友渔及刘荻五人被以“寻衅滋事”为由逮捕,禁言与政治迫害,5.0,http://archive.md/kMSDr；https://cn.nytimes.com/opinion/20140523/c23murong/,,,
2014-11-19,习近平致辞中国首届世界互联网大会，强调“网络主权”,数字监控与审查,5.0,BBC报道 https://archive.li/sXVsg,,,
2018-03-04,《环球时报》主编胡锡进开通个人中文Twitter帐号,进驻社交媒体,5.0,https://archive.li/zJ3fQ,,,
2014-03-14,“微信屠城”何清涟等数十个公共帐号被封,禁言与政治迫害,5.0,RFA报道 https://archive.li/oQsNP,,,
2019-02-24,2019年至今已有4万多个公众号涉“低俗有害”被封<br>包括公路商店、神棍局、咪蒙、今夜九零后等头部大号,干预互联网市场,5.0,新浪 https://archive.li/EsCu8；人民网 https://archive.li/iZV8y,,,
2019-06-06,多个财经自媒体账号被封，其中包括环球老虎财经 、<br>金融街侦探、信托圈、老端的观点、摸鱼小组、金羊<br>毛工作坊、陆家嘴小师妹、宁南山、骑行夜幕的统计客等,干预互联网市场,5.0,蓝鲸财经 https://archive.li/E2jaK；RFA报道 https://www.rfa.org/mandarin/yataibaodao/meiti/ql1-06072019062014.html,,,
2018-11-14,从10月20日起全网9800多个自媒体账号被封,干预互联网市场,5.0,https://web.archive.org/web/20190621025250/http://www.dzzq.com.cn/estate/39953805.html,,,
2018-05-22,百万粉丝博主@Ayawawa线下发布严重不当言论<br>账号禁言半年,干预互联网市场,5.0,澎湃新闻 https://archive.vn/6gdNj,,,
2019-06-14,中共在大陆基层推广的户长制进行全方位监控,党团人事组织,5.0,对华援助协会 https://archive.li/Gsizn； https://www.chinaaid.net/2019/06/blog-post_92.html,,,
2019-06-20,大量网友反映北京上海地铁检查乘客手机,数字监控与审查,3.0,https://archive.li/rF53e,,,
2019-01-09,中国网络视听节目服务协会<br>《网络短视频内容审核标准细则》<br>21类内容不得出现,干预互联网市场,5.0,https://archive.li/SuzgU,,,
2019-06-15,浙江嘉兴一外贸公司用翻墙软件被海宁警方给予行政警告,数字监控与审查,2.0,https://archive.li/dM0mL,,,
2007-06-24,Google.com、Google Reader、Gmail等服务遭短暂屏蔽1天,数字监控与审查,5.0,https://archive.is/yXmU; https://archive.is/knWg,,,
2007-10-18,Yahoo.com、Google.com、Live.com等域名被挟持至百度,数字监控与审查,5.0,https://archive.is/ZiAbI,,,
2009-05-19,工信部通知7月1日起在中国境内生产销售的计算机出厂<br>时预装上网过滤软件“绿坝·花季护航”，6月30日宣布暂缓执行,干预互联网市场,2.0,维基百科 https://archive.vn/P5Sy6,,,
2009-06-18,“Google中国”因“涉黄”受《焦点访谈》报道及有关部门约谈,干预互联网市场,5.0,维基百科存档	https://archive.li/mRWkr,,,
2009-12-15,Google等二十余家大公司受到了来自中国的、复杂的网络攻击,干预互联网市场,5.0,https://googleblog.blogspot.com/2010/01/new-approach-to-china.html,,,
2012-11-09,Google.com和其子域名受到DNS污染12小时,数字监控与审查,2.0,https://zh.greatfire.org/blog/2012/nov/google-unblocked-again-was-it-mistake-or-test,,,
2014-06-02,Google所有服务受到GFW干扰,数字监控与审查,5.0,https://archive.md/eZ5hm；https://archive.is/eZ5hm,,,
2013-05-04,中组部、中宣部和教育部党组发布共16条的<br>《关于加强和改进高校青年教师思想政治工作的若干意见》,打击学术自由,5.0,相关报道 https://archive.li/fX3yL；https://web.archive.org/web/20190621131202/http://www.gov.cn/gzdt/2013-05/27/content_2412217.htm,,,
2017-06-16,中纪委批评14所大学意识形态工作不力,打击学术自由,5.0,金融时报相关报道 http://archive.is/eCm7k；新华网 http://archive.is/I62VZ,,,
2018-01-10,传清华大学毕业生增意识形态政审,打击学术自由,1.0,RFA报道 https://archive.is/0W0sj,,,
2019-04-16,高校收集学生微信微博资料,打击学术自由,1.0,http://kzg.io/gb3jRv；http://archive.is/LIwGN,,,
2015-07-27,《普通高校思想政治理论课建设体系创新计划》<br>提出建立全国重点马克思主义学院,打击学术自由,5.0,https://archive.li/cDIe0,,,
2016-01-20,中宣部、教育部公布第一批全国重点马克思主义学院名单<br>北大、清华、人大、南开、吉大、复旦、山大、武大、兰大9所高校,打击学术自由,5.0,https://archive.li/9QdKn；https://archive.li/Bf86L,,,
2017-03-12,中宣部、教育部公布第二批全国重点马克思主义学院名单<br>北师大、大连理工、东北师大、华师大、南大、浙大、福建师范、<br>郑州大学、中山大学、川大、西安交大、新疆师范大学,打击学术自由,5.0,https://archive.li/3NGlh；https://archive.li/9QdKn；https://archive.li/Bf86L；https://archive.fo/urUie,,,
2017-10-27,人大等20多所高校成立“习思想”研究所,打击学术自由,5.0,RFA报道 https://archive.li/sDxR6,,,
2019-06-19,17日女歌手曾轶可发博怒称遭首都机场某边检人员刁难，<br>19日早遭紫光阁、共青团中央、公安部、国家移民管理局、<br>人民日报、央视新闻、法制日报等蓝V齐点名,文化文艺娱乐,2.0,https://archive.li/ve1CU；https://archive.li/J80QY,,,
2009-09-25,新浪微博功能完善，此前8月14日内测,重大历史事件,5.0,维基百科 https://archive.li/JYrMd,,,
2011-01-21,腾讯推出微信,重大历史事件,5.0,维基百科 https://archive.li/TuSF5,,,
2011-01-26,问答社区知乎上线,重大历史事件,5.0,维基百科 https://archive.li/kUN2t,,,
2007-06-06,视频网站AcFun.cn上线,重大历史事件,5.0,维基百科 https://zh.wikipedia.org/zh-hans/AcFun,,,
2010-01-24,A站用户徐逸（ID:⑨bishi）将MIKUFANS更名bilibili,重大历史事件,5.0,维基百科 https://zh.wikipedia.org/zh-hans/Bilibili,,,
2019-04-12,应网信主管部门要求，雪球暂停发帖评论功能一周，<br>简书暂停更新PC端内容一周,干预互联网市场,5.0,澎湃新闻 https://archive.li/8qhPo,,,
2012-03-31,字节跳动创立、推出“内涵段子”<br>8月推出“今日头条”,重大历史事件,5.0,维基百科  https://archive.li/6KpcT,,,
2018-04-10,“内涵段子”因“存在导向不正、格调低俗等突出问题”被广电总局责令永久关停,干预互联网市场,5.0,维基百科 https://archive.li/6KpcT,,,
2016-09-30,“抖音”TikTok由字节跳动孵化上线,重大历史事件,5.0,维基百科 https://archive.li/SDxjv,,,
2016-04-28,全国人大通过《境外非政府组织境内活动管理法》,党团人事组织,5.0,https://zh.wikipedia.org/zh-hans/%E4%B8%AD%E5%8D%8E%E4%BA%BA%E6%B0%91%E5%85%B1%E5%92%8C%E5%9B%BD%E5%A2%83%E5%A4%96%E9%9D%9E%E6%94%BF%E5%BA%9C%E7%BB%84%E7%BB%87%E5%A2%83%E5%86%85%E6%B4%BB%E5%8A%A8%E7%AE%A1%E7%90%86%E6%B3%95,,,
2015-09-28,中办下发《关于加强社会组织党的建设工作<br>的意见（试行）》党建全覆盖,党团人事组织,5.0,http://www.xinhuanet.com//politics/2015-09/28/c_1116702753.htm,,,
2012-07-17,北京家乐福作为第一家外企建立党支部、团委,党团人事组织,5.0,人民日报 https://archive.li/vsrBZ,,,
2018-06-15,证监会公告要求上市公司必须设立党支部,党团人事组织,5.0,	https://archive.li/L7gjZ,,,
2018-11-25,中共中央印发《中国共产党支部工作条例（试行）》,党团人事组织,5.0,https://web.archive.org/web/20190623021359/http://www.gov.cn/zhengce/2018-11/25/content_5343236.htm,,,
2015-06-29,2014年全国53.1%非公有制企业设党组织<br>41.9%社会组织设党组织,党团人事组织,5.0,https://archive.li/mteOV,,,
2016-06-30,2015年全国51.8%非公有制企业设党组织<br>41.5%社会组织设党组织,党团人事组织,5.0,https://archive.li/q45JG,,,
2018-06-30,2017年全国73.1%非公有制企业设党组织<br>61.7%社会组织设党组织,党团人事组织,5.0,https://archive.li/CGQEW,,,
2017-06-30,2016年全国67.9%非公有制企业设党组织<br>58.9%社会组织设党组织,党团人事组织,5.0,https://archive.li/Up5QJ,,,
2014-06-30,2013年全国58.4%非公有制企业设党组织<br>41.9%社会组织设党组织,党团人事组织,5.0,https://archive.li/NZSvQ,,,
2016-12-30,截至2016年末近七成外企都出现了党支部,党团人事组织,5.0, https://archive.li/L7gjZ,,,
2018-12-14,茅于轼接受VOA采访表示“现在共产主义的<br>思潮已经过去了，我也不想再留在党内了。知识<br>分子中间很多有这样的想法。”,党团人事组织,5.0,https://www.cna.com.tw/news/acn/201812150102.aspx,,,
2008-01-10,长江流域和新疆生产建设兵团19省7786万人受雪灾影响,重大历史事件,5.0,http://web.archive.org/web/20140221205732/http://news.xinhuanet.com/newscenter/2008-02/01/content_7545782.htm,,,
2008-12-15,大陆和台湾两岸客机、轮船和信件直接三通基本实现,重大历史事件,5.0,http://web.archive.org/web/20081218074727/http://news.xinhuanet.com/newscenter/2008-12/15/content_10509761.htm,,,
2009-06-23,刘晓波在北京被以“煽颠罪”正式批捕,禁言与政治迫害,5.0,http://web.archive.org/web/20170113141137/http://news.bbc.co.uk/chinese/simp/hi/newsid_8110000/newsid_8116000/8116019.stm,,,
2009-07-17,公盟法律研究中心被北京市民政局取缔,禁言与政治迫害,5.0,http://web.archive.org/web/20111201063140/http://www.rfi.fr/actucn/articles/115/article_14915.asp,,,
2000-06-05,“六四天网”创始人黄琦被以“煽颠罪”<br>第一次拘捕,禁言与政治迫害,5.0,https://zh.wikipedia.org/wiki/%E9%BB%84%E7%90%A6,,,
2008-06-10,“六四天网”创始人黄琦被以“非法持<br>有国家机密”第二次拘捕,禁言与政治迫害,5.0,https://zh.wikipedia.org/wiki/%E9%BB%84%E7%90%A6,,,
2016-12-16,“六四天网”创始人黄琦被以“為境外<br>非法提供國家機密”第三次拘捕,禁言与政治迫害,5.0,https://zh.wikipedia.org/wiki/%E9%BB%84%E7%90%A6,,,
2009-03-28,四川维权人士谭作人被成都市公安拘捕<br>2010年2月9日被以“煽颠罪”判5年有期徒刑,禁言与政治迫害,5.0,维基百科 https://archive.ph/uNCh2,,,
2014-06-13,维权律师浦志強被北京市公安局以“寻衅滋事罪”逮捕,禁言与政治迫害,5.0,维基百科 https://archive.ph/077Dx,,,
2010-04-30,上海世博会开幕,重大历史事件,5.0,https://archive.ph/thYWg,,,
2009-10-01,维族知识分子海莱提·尼亚孜(Gheyret Niyaz)<br>遭拘捕后与2010年7月以危害国家安全罪判15年,禁言与政治迫害,5.0,https://archive.li/FkWJv,,,
2010-08-23,《全国人大和地方各级人大代表法修正案(草案)》<br>规定代表不得设个人工作室、不得脱离生产工作岗位,禁言与政治迫害,5.0,https://zh.wikipedia.org/wiki/2010%E5%B9%B4%E4%B8%AD%E5%9B%BD%E5%A4%A7%E9%99%86,,,
2011-04-03,艾未未涉嫌经济犯罪被调查,禁言与政治迫害,5.0,https://web.archive.org/web/20120203023538/http://www.ibtimes.com.cn/articles/20110407/aiweiwei.htm,,,
2011-05-16,《求是》：社会管理不能落入“公民社会”陷阱,禁言与政治迫害,5.0,http://web.archive.org/web/20110521052859/news.163.com/11/0517/07/7487CPEI0001124J.html,,,
2011-06-08,全国人大回应多地公民自荐参选：<br>“独立候选人”无法律依据,禁言与政治迫害,5.0,http://web.archive.org/web/20190613143026/https://news.qq.com/a/20110609/000036.htm,,,
2011-08-27,文化部清理300首违规网络音乐 称危害文化安全,文化文艺娱乐,5.0,http://web.archive.org/web/20110829124500/http://news.qq.com/a/20110828/000115.htm,,,
2011-09-14,除了央视，台湾艺人从主要电视台节目里消失,文化文艺娱乐,5.0,http://web.archive.org/web/20190602190633/http://ent.sina.com.cn/v/m/2011-09-15/11183416870.shtml,,,
2016-02-01,中国人民解放军撤销7大军区成立5大战区,重大历史事件,5.0,http://web.archive.org/web/20160320025247/http://news.cntv.cn/2016/02/01/VIDEmJUXFKs1tVgd6WkVJVaK160201.shtml,,,
2016-02-22,任志强因微博批“党媒姓党”被网信办和官媒批判,禁言与政治迫害,5.0,https://zh.wikipedia.org/zh-hans/%E4%BB%BB%E5%BF%97%E5%BC%BA%E6%89%B9%E8%AF%84%E5%85%9A%E5%AA%92%E5%A7%93%E5%85%9A%E4%BA%8B%E4%BB%B6,,,
2017-01-23,工信部宣布开始打击代理服务器“非法经营”,数字监控与审查,5.0,https://web.archive.org/web/20170125163620/http://www.bbc.com/zhongwen/simp/chinese-news-38714639,,,
2017-01-25,《中国国防报》赞同抵制香港歌手张敬轩<br>倡议严厉对付“辱华涉独”的港台艺人,文化文艺娱乐,5.0,https://web.archive.org/web/20170125081619/http://www.bbc.com/zhongwen/simp/chinese-news-38740959,,,
2017-03-01,《电影产业促进法》正式实施要求明星德艺双馨,文化文艺娱乐,5.0,https://web.archive.org/web/20170301001136/http://ent.sina.com.cn/m/c/2017-03-01/doc-ifyavvsh7217538.shtml,,,
2017-04-01,中共中央、国务院决定设立“雄安新区”,重大历史事件,5.0,https://web.archive.org/web/20170402081331/http://politics.people.com.cn/n1/2017/0401/c1001-29185929.html,,,
2017-03-19,台湾人李明哲涉嫌“煽颠罪”被湖南省安全机关拘捕,禁言与政治迫害,5.0,https://zh.wikipedia.org/wiki/%E6%9D%8E%E6%98%8E%E5%93%B2%E4%BA%8B%E4%BB%B6,,,
2017-06-22,新浪微博、A站和凤凰网视听节目被关停,干预互联网市场,5.0,https://web.archive.org/web/20170622121917/http://news.ifeng.com/a/20170622/51302094_0.shtml,,,
2017-07-31,共青团中央入驻网易云音乐,进驻社交媒体,5.0,https://archive.vn/BF6Si,,,
2017-12-20,广西南平县吴向洋因提供有偿VPN服务被判5年6月<br>罚款50万元,数字监控与审查,5.0,https://web.archive.org/web/20171222220048/http://news.youth.cn/sh/201712/t20171221_11183885.htm,,,
2018-01-27,新浪微博热搜榜被网信办指违法而停更一周整改,干预互联网市场,5.0,https://archive.li/PvFCz,,,
2018-02-14,广电总局通知要求网络视听直播答题活动<br>不得传播不符合社会主义核心价值观的内容,干预互联网市场,5.0,https://archive.li/HiRkE,,,
2018-03-18,知乎周源、咪蒙等52名网络人士出席统战部理论研讨班,干预互联网市场,5.0,https://archive.vn/CXX09,,,
2018-03-22,广电总局急令封杀恶搞与二次创作网络视频等视听节目,干预互联网市场,5.0,https://archive.vn/22viu,,,
2018-04-03,中国公布宗教信仰白皮书 网站全面禁售《圣经》,文化文艺娱乐,5.0,https://archive.vn/XXF2E,,,
2018-04-06,“快手”紧急扩招3000名审核员<br>其负责人4日被管理部门约谈,干预互联网市场,5.0,https://archive.vn/pv5cF,,,
2018-05-17,“暴走漫画”账号因涉嫌“侮辱英烈”<br>视频节目下线，多个App无限期关停,干预互联网市场,5.0,https://archive.vn/7K4xM,,,
2018-06-18,中央军委印发《传承红色基因实施纲要》,党团人事组织,5.0,https://archive.li/bCZwc,,,
2018-07-11,中国民主党创建人秦永敏以“煽颠罪”判有期徒刑13年,禁言与政治迫害,5.0,https://archive.li/GjnIi,,,
2018-09-20,广电总局推出“限外令”,文化文艺娱乐,5.0,https://archive.li/eyXOs,,,
2018-09-22,湖南省益阳市城市学院以发布辱国言论为由，<br>取消大一新生王栋的入学资格,打击学术自由,3.0,https://archive.li/G1ybx,,,
2018-12-07,中宣部网络游戏道德委员会在北京正式成立,干预互联网市场,5.0,https://archive.li/2jZho,,,
2018-12-15,河北廊坊发布圣诞装饰禁令,文化文艺娱乐,5.0,https://archive.li/KoPOw,,,
2019-06-26,网传李克强所在北大77级法律系微信群被封，<br>腾讯副总回复“是上面命令，我们解不了。”,数字监控与审查,2.0,法广报道 https://archive.li/Sc4IK,,,
2019-05-05,中央文件：全面推行村党组织书记通过法定程序担任村委会主任,党团人事组织,5.0,https://archive.li/bfAYD,,,
2014-11-07,武汉大学要求5类人员上交因私护照通行证：<br>1 科研项目涉密人员；<br>2 学校中层副职及以上人员；<br>3 参公管理人员；<br>4 在职人员中具有副高级专业技术职务及以上人员、<br>副处级及以上非领导职务人员、六级及以上<br>职员、拥有博士学位者、财务人员；<br>5 离（退）休的厅（局）级以上干部,党团人事组织,5.0,https://archive.fo/tYHsj,,,
2014-11-28,中南民族大学要求8类人员上交护照通行证：<br>1.全校在职校、处级干部（包括享受处级待遇人员）；<br>2.离（退）休的副厅级以上干部；<br>3.具有高级职称的在职专业技术人员；<br>4.具有博士学位的在职人员；<br>5.承担重要科研项目的人员；<br>6.财务管理人员；<br>7.涉及学校资产安全及机密的人员；<br>8.学校认为有必要登记备案的其他人员。,党团人事组织,5.0,https://archive.md/2McKZ,,,
2015-06-19,人民网：北京“收紧”科级公务员出国 护照统一放保密柜,党团人事组织,5.0,https://archive.md/2jzXL,,,
2018-10-01,各地下发通知要求中小学教师上交因私护照通行证,党团人事组织,4.0,https://archive.md/KIs1K,,,
2016-10-19,新疆石河子通知当地居民上交护照，由公安统一保管,党团人事组织,4.0,https://archive.md/DDB9O,,,
2017-06-13,新华网 天津严管干部因私出国：科员每年也仅限一次,党团人事组织,5.0,https://archive.md/mQjEb,,,
2016-03-01,成都高校要求高级讲师上交护照 出国申请须承诺不“泄密”,党团人事组织,4.0,https://archive.md/LvVUh,,,
2019-02-08,中国收缴护照限制体制内人员出境，<br>目标人群扩展至教师及医护人员,党团人事组织,4.0,https://archive.md/9BRuL,,,
2014-03-16,中共中央组织部《关于进一步加强领导干部出国<br>（境）管理监督工作的通知》,党团人事组织,5.0,https://archive.vn/bEIXl,,,
2013-07-03,中办发〔2013〕16号关于进一步规范省部级以下<br>国家工作人员因公临时出国的意见,党团人事组织,5.0,https://archive.md/HEJLo,,,
2004-12-16,中共中央纪委、中共中央组织部、外交部、公安部、<br>国家安全部、监察部、人事部、商务部关于进一步加强<br>党员干部出国（境）管理的通知,党团人事组织,5.0,http://web.archive.org/web/20140324195241/http://cpc.people.com.cn/GB/64162/71380/102565/182145/11001085.html,,,
2015-04-09,组通字[2015]20号 中共中央组织部、公安部关于开展违规办理和持有因私出国(境)证件专项治理工作的通知,党团人事组织,5.0,https://web.archive.org/web/20190629012313/http://www.bjb.cas.cn/gzzd2016/rsczzb2016/201507/W020150702450171008435.pdf,,,
2019-06-28,国家网信办集中开展网络音频专项整治，网易云音乐、<br>荔枝FM、企鹅FM、喜马拉雅等26款有声应用<br>因公序良俗或历史虚无主义被下架,文化文艺娱乐,5.0,网信办新闻 http://archive.md/cgezH；报道 http://archive.md/u9WxW,,,
2019-07-04,湖北省原纪检监察组长被双开，包涵罕见罪名:购买、<br>阅读歪曲和攻击党的十八大组织路线、干部政策的书籍，<br>对有违背四项基本原则等严重政治问题的微信文章、图片<br>和小视频，不报告、不抵制、不斗争，并转发给他人，<br>造成不良影响,党团人事组织,4.0,新浪 https://archive.li/AZbGX；网易 https://archive.li/u8E1G,,,
2019-06-19,网传中共益阳市网信办下发《关于开展网络名人账号摸底工作的通知》,数字监控与审查,1.0,https://archive.li/D3DMQ,,,
2019-05-30,涉嫌辱习的游戏《還願》(Devotion)的中國大陸代理商<br>上海橘喵(Indievent)因「危害国家安全」吊销营业执照,文化文艺娱乐,5.0,香港01 https://archive.is/Q4Meu；维基百科 https://archive.md/twLQw,,,
2019-03-04,荷兰网安研究员爆中共蒐集监视国民隐私铁证<br>该系统自2018年起每天处理约3.6亿在线个资，用户被关联到真实身份<br>且每日送各地公安系统处理,数字监控与审查,5.0,https://archive.is/mKxtv,,,
2019-06-21,教育部下令自2020年起中止中学生赴美留学超前课程项目<br>Advanced Placement(AP)中境内考试中心的历史科目考试，<br>受影响科目为：美国历史、世界历史、欧洲历史、人类地理<br>其它科目暂不受影响,打击学术自由,5.0,路透社 https://archive.li/EpkqG,,,
2019-07-09,粉丝达200万的微信公众号“大唐雷音寺”被封，“大唐雷音寺”是梁宏达主持的脱口秀节目,干预互联网市场,5.0,https://archive.md/Jb9rH,,,
2013-10-11,习近平要各级党政部门在社会综合治理过程中<br>认识“枫桥经验”的重大意义，继承优良传统，<br>创新群众工作方法，贯彻好中共的群众路线。<br>“枫桥经验”90年后常见于中共维稳工作,党团人事组织,4.0,BBC中文 https://archive.li/uq22L；维基百科 https://archive.li/fvilB；https://web.archive.org/web/20190714114025/http://www.gov.cn/ldhd/2013-10/11/content_2504878.htm,,,
2018-11-12,人民日报、央视等喉舌相继推出赞扬枫桥经验的评论员文章<br>和纪录片《坚持发展“枫桥经验”——中国基层社会治理现代化之路》,党团人事组织,5.0,https://archive.li/OxZMr；https://archive.vn/0jZYq,,,
2019-07-16,“每日英语听力”和“环球老虎财经”因违规新闻报道被上海网信办责令整改,干预互联网市场,3.0,https://archive.md/5ssPC,,,
2019-07-11,新华社中国搜索发布“花漾搜索”APP，声称能利用<br>AI技术屏蔽暴力、色情和赌博等不良信息,数字监控与审查,5.0,https://archive.li/oem16,,,
2019-07-16,扫黄打非办联合网信办、新闻出版机构等对<br>晋江文学城、番茄小说、米读小说运营企业进行<br>约谈，要求针对传播网络淫秽色情出版物等问题<br>进行严肃整改,干预互联网市场,3.0,https://web.archive.org/web/20190720043522/http://www.shdf.gov.cn/shdf/contents/767/402011.html,,,
2019-07-18,北京市公租房大规模启用“刷脸”回家，预计到<br>2019年10月底，涉及12万公租房居民的59个公租房<br>项目的人脸识别系统将全部开通使用,数字监控与审查,3.0,https://archive.vn/aCeWT,,,
2019-07-25,人民网发放首批互联网内容风控师证书，审核员成为正式职业,干预互联网市场,5.0,https://web.archive.org/web/20190728055014/http://media.people.com.cn/n1/2019/0725/c40606-31254458.html,,,
2019-07-29,网信办：二季度全国网信系统依法约谈网站648家<br>，警告网站636家，暂停更新网站56家，关闭违法网站2899家。,干预互联网市场,5.0,https://archive.li/DR9h2,,,
2018-05-17,国家网信办公开招标，要求合作方利用海外社交媒体平台，开展“网上重大主题宣传”。人民日报以488.6万人民币中标。,进驻社交媒体,5.0,BBC中文 https://archive.li/vFkZ7,,,
2019-08-19,国家网信办再次公开招标，“利用海外社交媒体平台开展网上重大主题宣传”。人民日报社以580万人民币中标。,进驻社交媒体,5.0,BBC中文 https://archive.li/vFkZ7,,,
2019-06-21,中国外交部新闻司就一个名为“境内外舆情服务”的采购项目招标，预算为338.5万人民币,进驻社交媒体,5.0,BBC中文 https://archive.li/vFkZ7,,,
2019-07-16,成都电子科大副教授郑文峰称“四大发明不是创新”，遭校方停课两年,打击学术自由,5.0, https://web.archive.org/web/20190821193720/https://news.ifeng.com/c/7pK5g7NNv1C,,,
2019-08-19,Twitter及Facebook接连宣布，封锁其平台上由中国官方主导近20万账号，这些账号散播关于香港示威的假信息。,进驻社交媒体,5.0,BBC中文 https://archive.li/m72aK,,,
2019-08-12,文革模式再現 人民日报連續10天頭版刊習近平語錄,文化文艺娱乐,3.0,RFA https://archive.vn/xoo0X,,,
2019-07-30,陕西省爱国主义志愿者协会招募中国爱国主义志愿者舆情监测员,进驻社交媒体,2.0,https://archive.fo/y0KHg,,,
2019-07-29,广电总局下发《关于做好庆祝新中国成立70周年电视剧展播工作<br>的通知》：拟8月份起不得播出娱乐性较强的古装剧、偶像剧,干预互联网市场,3.0,https://archive.vn/jvjku,,,
2019-08-18,香港逾170萬人參與維園集會，訴求為「煞停警黑亂港 落實五大訴求」,重大历史事件,4.0,https://web.archive.org/web/20190829061919/https://theinitium.com/article/20190818-whatsnew-hk-818-assembly-be-water/,,,
2019-07-28,淮南市公安局发布警情通报，漫画作者张某宁（橘豚）因用“猪头人身”系列漫画辱华而被抓。,禁言与政治迫害,1.0,https://archive.md/B1ZFW,,,
2019-09-12,一名北京网友见闻：党员家门口挂金龙,党团人事组织,2.0,https://chinadigitaltimes.net/chinese/2019/09/%e3%80%90cdtv%e3%80%91%e4%b8%80%e5%90%8d%e5%8c%97%e4%ba%ac%e7%bd%91%e5%8f%8b%e8%a7%81%e9%97%bb%ef%bc%9a%e5%85%9a%e5%91%98%e5%ae%b6%e9%97%a8%e5%8f%a3%e6%8c%82%e9%87%91%e9%be%99/,,,
2019-12-17,长期关注环卫工人劳动权益的NGO人士陈伟祥等三人近日被广州警方带走，另外两位分别是今年刚毕业于华东师范大学的卢浩菊，以及还没有毕业的张姓实习生。「心环卫」,禁言与政治迫害,2.0,https://web.archive.org/web/20191231212625/https://www.rfa.org/cantonese/news/arrest-12192019090034.html,,,
2019-11-13,南昌航空大学副教授牛杰在微信群为香港示威学生发声遭举报被校方停课。,禁言与政治迫害,2.0,https://web.archive.org/web/20191230032136/https://www.bannedbook.org/bnews/renquan/xgmyd/20191114/1222773.html,,,
2019-11-20,《香港人權與民主法案》分别于11月19日和20日在美国参众两院几乎一致通过，并在11月28日由美国总统川普签署生效。,重大历史事件,5.0,http://www.rfi.fr/cn/%E4%B8%AD%E5%9B%BD/20191120-%E7%BE%8E%E5%9B%BD%E5%8F%82%E8%AE%AE%E9%99%A2%E4%B8%80%E8%87%B4%E9%80%9A%E8%BF%87%E9%A6%99%E6%B8%AF%E4%BA%BA%E6%9D%83%E4%B8%8E%E6%B0%91%E4%B8%BB%E6%B3%95%E6%A1%88,,,
2019-12-17,教育部网站发布了关于批准复旦大学、南京大学、陕西师范大学章程修正案的文件，在社交平台引发轩然大波。当日，复旦学子在学校食堂聚集，高唱复旦校歌，以抗议原校章中的“学术独立，思想自由”等条款被删除。,打击学术自由,4.0,http://www.rfi.fr/cn/%E4%B8%AD%E5%9B%BD/20191221-%E5%A4%8D%E6%97%A6%E5%A4%A7%E5%AD%A6%E4%BF%AE%E6%94%B9%E7%AB%A0%E7%A8%8B%E5%BC%95%E4%BC%97%E6%80%92,,,
2019-10-25,中国女权活动人士、记者黄雪琴在广州被以‘寻衅滋事’拘捕，曾就香港抗议撰文。,禁言与政治迫害,2.0,https://cn.nytimes.com/china/20191025/china-metoo-hong-kong-protests/,,,
2019-09-06,中国公民不合作运动发起人、知名维权律师唐荆陵上月底乘火车抵达广州，准备赴美深造。但他在火车站被当地国保拦截，随后被强制“失踪”近十天。,禁言与政治迫害,3.0,https://chinadigitaltimes.net/chinese/2019/09/%e8%87%aa%e7%94%b1%e4%ba%9a%e6%b4%b2-%e7%bb%b4%e6%9d%83%e5%be%8b%e5%b8%88%e5%94%90%e8%8d%86%e9%99%b5%e5%87%ba%e5%9b%bd%e4%b8%8d%e6%88%90%e5%8f%8d%e8%a2%ab%e5%a4%b1%e8%b8%aa/,,,
2019-10-26,《密码法》有全国人大通过并将于2020年1月1日实施，国家将拥有对整个互联网加密解密基础设施的控制权。,数字监控与审查,5.0,https://web.archive.org/web/20191229194557/https://www.chainnews.com/articles/222054647346.htm,,,
2019-12-25,中国湖南和云南等地官员圣诞来临之前向党员和居民下达命令，要他们不要追随别人的脚步，去庆祝西方的节日。,文化文艺娱乐,3.0,https://www.voachinese.com/a/christmas-banned-in-some-chinese-cities-12242019/5218872.html,,,
2019-09-12,《国务院关于加强和规范事中事后监管的指导意见》（下称《指导意见》），鼓励企业建立“吹哨人”和内部举报人制度。,数字监控与审查,4.0,https://web.archive.org/web/20191230031226/https://m.thepaper.cn/baijiahao_4503267?sdkver=2f036b0f&clientprefetch=1&from=timeline&isappinstalled=0,,,
2019-09-04,香港特首林郑月娥宣布撤回《逃犯条例》修订 “四项行动”回应“五大诉求”,重大历史事件,5.0,https://www.bbc.com/zhongwen/simp/chinese-news-49576610,,,
2019-10-22,内蒙古警方通报，村民在50人微信群称某公司的化肥含量不够，被指虚构事实扰乱公共秩序，遭行政拘留8日。,数字监控与审查,1.0,https://web.archive.org/web/20191230025901/https://news.sina.com.cn/s/2019-10-27/doc-iicezuev5243774.shtml,,,
2019-11-28,中共中央统战部、中央网信办28日在北京首度共同召开网络人士统战工作会议。,干预互联网市场,5.0,http://www.rfi.fr/cn/%E4%B8%AD%E5%9B%BD/20191129-%E4%B8%AD%E5%9B%BD%E5%8F%AC%E5%BC%80%E7%BD%91%E7%BB%9C%E7%BB%9F%E6%88%98%E4%BC%9A%E8%AE%AE-%E7%BB%9F%E6%88%98%E5%AF%B9%E8%B1%A1%E5%90%AB%E7%BD%91%E7%BB%9C%E5%A4%A7v%E3%80%81%E5%A4%A7%E5%8F%B7%E7%AD%89,,,
2019-10-04,NBA休斯顿火箭队总经理莫雷在推特上传支持香港“反送中”抗议运动图片。在中国政府要求下，中国篮协、央视体育频道、众多NBA合作厂商被要求中止或暂停与火箭队的合作。,文化文艺娱乐,4.0,https://web.archive.org/web/20191230024557/https://zh.wikipedia.org/zh-hans/2019%E5%B9%B4NBA%E6%B6%89%E6%B8%AF%E8%A8%80%E8%AE%BA%E4%BA%89%E8%AE%AE%E4%BA%8B%E4%BB%B6,,,
2019-10-06,豆瓣广播关停，八卦基地“鹅组”“瓜组”等用户体量达几十万的小组被雪藏。10月20日凌晨豆瓣广播功能恢复。,干预互联网市场,3.0,https://web.archive.org/web/20191230030446/https://new.qq.com/omn/20191012/20191012A0NH7I00.html,,,
2019-09-13,前腾讯媒体人张贾龙中秋节被正式批捕,禁言与政治迫害,3.0,https://chinadigitaltimes.net/chinese/2019/09/%e7%bb%b4%e6%9d%83%e7%bd%91-%e5%89%8d%e5%aa%92%e4%bd%93%e4%ba%ba%e5%bc%a0%e8%b4%be%e9%be%99%e4%b8%ad%e7%a7%8b%e8%8a%82%e8%a2%ab%e6%ad%a3%e5%bc%8f%e6%89%b9%e6%8d%95/,,,
2019-10-15,中国教育部发出《关于开展全国中小学图书馆图书审查清理专项行动的通知》。甘肃庆阳市镇原县图书馆10月份组织开展馆藏出版物清查下架和集中销毁活动。,打击学术自由,3.0,https://chinadigitaltimes.net/chinese/2019/12/%e4%b8%ad%e5%9b%bd%e5%9b%be%e4%b9%a6%e9%a6%86%e5%bc%80%e5%b1%95%e5%9b%be%e4%b9%a6%e5%ae%a1%e6%9f%a5%e6%b8%85%e7%90%86%e8%a1%8c%e5%8a%a8%ef%bc%8c%e6%8a%a5%e9%81%93%e8%af%84%e8%ae%ba%e9%9a%8f%e5%8d%b3/,,,
2019-12-20,四川轻化工大学副教授李志(民盟成员)被指发表不当言论，违反了高校教师准则，近期受到校方行政处罚，并被调离其所任职的马克思主义学院。,打击学术自由,2.0,https://www.rfa.org/mandarin/yataibaodao/renquanfazhi/ql2-12202019112238.html,,,
2019-10-31,河北承德市一名15岁李姓少年，因登录“恶俗维基”网站，多次观看刻意歪曲中国历史，曲解国内外热点新闻、事件的资讯，而遭地方公安查处。,数字监控与审查,1.0,https://web.archive.org/web/20191230025750/https://www.secretchina.com/news/gb/2019/10/31/912123.html,,,
2019-09-20,北京顺义区文化市场综合执法大队对包括读库在内的5家书库库房进行国庆前夕执法检查。根据通报，3家被取缔，2家收到行政警告处罚。,文化文艺娱乐,2.0,https://chinadigitaltimes.net/chinese/2019/11/%E8%AF%BB%E5%BA%93-%E6%9D%A5%E8%87%AA%E8%AF%BB%E5%BA%93%E7%9A%84%E6%B1%82%E5%8A%A9/,,,
2019-12-03,美国众议院压倒性通过《维吾尔人权政策法案》，法案要求特朗普谴责虐待维吾尔人的行为，同时制裁相关中国高级官员。12月9日，新疆自治区主席扎克尔便宣布——教培中心学员已全部结业。,重大历史事件,5.0,https://www.bbc.com/zhongwen/simp/chinese-news-50654656,,,
2019-12-24,「六四天網」創辦人、四川地震後率先披露災區「豆腐渣」工程的黃琦，近日二審開庭，維持12年有期徒刑的原判決，已經在本月24日送往四川巴中監獄服刑。,禁言与政治迫害,3.0,https://news.rthk.hk/rthk/ch/component/k2/1500146-20191230.htm,,,
2015-07-09,2015年7月9日起，中華人民共和國公安當局在多达23个省份大規模逮捕、傳喚、刑事拘留、帶走、失聯、約談了上百位律師、民間維權人士、上訪民眾及其親屬的事件，部份人士因此下落不明。,禁言与政治迫害,5.0,https://zh.wikipedia.org/zh/%E4%B8%AD%E5%9C%8B709%E7%B6%AD%E6%AC%8A%E5%BE%8B%E5%B8%AB%E5%A4%A7%E6%8A%93%E6%8D%95%E4%BA%8B%E4%BB%B6,,,
2019-12-15,中国大陆记协新修订的《新闻工作者职业道德准则》明确表示，新闻工作者必须以“习近平思想”武装头脑，却同时又强调，要坚持新闻真实性原则,禁言与政治迫害,4.0,https://www.rfa.org/mandarin/yataibaodao/meiti/gf1-12162019075832.html?fbclid=IwAR0r1pdVW-e1MH-X4NjPNFZMnk-byAd0X4aNRUgd9uR0XdBJzbyTqKOzz24,,,
2017-11-21,湖南省长沙市中级人民法院周二对中国维权律师江天勇涉嫌颠覆国家政权案一审宣判，江天勇被判处有期徒刑两年。江天勇曾参与艾滋病感染者的救助维权、山西黑砖窑案件、北京律师直选、陳光誠案、高智晟案、法轮功个案等多起维权案件,禁言与政治迫害,3.0,https://chinadigitaltimes.net/chinese/2017/11/bbc-%E7%BB%B4%E6%9D%83%E5%BE%8B%E5%B8%88%E6%B1%9F%E5%A4%A9%E5%8B%87%E8%8E%B7%E5%88%91%E4%B8%A4%E5%B9%B4-%E5%85%B6%E5%A6%BB%E7%A7%B0%E7%BB%9D%E4%B8%8D%E6%8E%A5%E5%8F%97/,,,
2018-01-31,長期關注資助弱勢群體的重慶民營企業家因微信私聊被重慶市警方2018年1月31日以“涉黑”罪名刑拘，被以“煽動顛覆國家政權案”於2019年8月22日在重慶市中級法院一中院開庭受審。,禁言与政治迫害,4.0,https://www.hrichina.org/chs/gong-min-yan-chang/wei-xin-si-liao-ye-fan-zui-zhong-qing-shi-min-ying-qi-ye-jia-li-huai-qing-qi-zi,,,
2016-01-15,为总部设在美国的人权卫士紧急救助协会工作的瑞典人彼得·达林，因与锋锐律师事务所有关而在北京被拘。,禁言与政治迫害,3.0,https://web.archive.org/web/20180709064648/http://www.guancha.cn/society/2016_01_15_348117.shtml,,,
2001-03-13,北京新青年学会四君子於2001年3月13日同时被捕，被称为是对中国网络言论界规模最大的一次镇压行动之一。2003年11月10日终审，四君子全部以“颠覆国家政权罪”遭致重判，其中徐伟、靳海科被判有期徒刑十年，杨子立、张宏海被判有期徒刑八年。,禁言与政治迫害,5.0,https://web.archive.org/web/20200104210627/https://www.dw.com/zh/%E6%96%B0%E9%9D%92%E5%B9%B4%E5%AD%A6%E4%BC%9A%E6%A1%88%E9%87%8D%E5%AE%A1%E5%B9%B6%E8%A2%AB%E5%9D%9A%E6%8C%81%E5%8E%9F%E5%88%A4/a-1026584,,,
2020-01-02,“知名法律人士”郝劲松因涉嫌寻衅滋事被定襄县公安局刑事拘留。,禁言与政治迫害,2.0,https://chinadigitaltimes.net/chinese/2020/01/%e6%b0%91%e4%ba%8b%e8%af%89%e8%ae%bc%e6%b3%95-%e7%9f%a5%e5%90%8d%e6%b3%95%e5%be%8b%e4%ba%ba%e5%a3%ab%e9%83%9d%e5%8a%b2%e6%9d%be%e6%b6%89%e5%ab%8c%e5%af%bb%e8%a1%85%e6%bb%8b/,,,
2016-06-21,2016年，符海陆、张隽勇、罗富誉和陈兵为一款自制白酒取名“铭记八酒六四”，又印制宣传单张，在微信销售，定价人民币89.64元。被成都国保以涉嫌“煽动颠覆国家罪”执行逮捕。2019年4月1-4日开庭，当庭被判决有期徒刑3年6个月。,禁言与政治迫害,5.0,http://www.rfi.fr/cn/%E4%B8%AD%E5%9B%BD/20190401-%E5%85%AD%E5%9B%9B%E9%85%92%E6%A1%88%E5%AE%A3%E5%88%A4-%E6%83%A93%E5%B9%B4%E7%9B%91%E7%A6%81,,,
2019-12-30,过去两天，中国先后有多名维权律师出事。周二（30日）盛传拥有律师资格的山东学者刘书庆因涉嫌颠覆国家政权被扣查。而曾为“苏州大抓捕”涉案人辩护的浙江律师黄志强证实已遭刑事拘留。,禁言与政治迫害,4.0,https://www.rfa.org/mandarin/yataibaodao/renquanfazhi/gf1-12312019074101.html,,,
2019-10-29,中国要求数万名记者参加“习思想”在线考试,禁言与政治迫害,5.0,https://www.bbc.com/zhongwen/simp/chinese-news-50039867,,,
2019-10-31,广西南宁人权律师、原百举鸣律师事务所主任覃永沛被警方带走，同时覃永沛办公室被贴上封条,禁言与政治迫害,3.0,https://wqw2010.blogspot.com/2019/11/blog-post_19.html?fbclid=IwAR1ObCIyKTX5Y6ytRw4diXoDLWSqIlU46j3ca5Y7PDgC4ClnmV6TElc6M0E,,,
2019-10-21,中国维权律师江天勇的妻子向德国之声表示他今年2月28日获释之后，并未真正获得自由，而是持续被软禁在位于河南信阳市的老家。,禁言与政治迫害,1.0,https://www.dw.com/zh/%E6%B1%9F%E5%A4%A9%E5%8B%87%E8%8E%B7%E9%87%8A%E5%90%8E%E7%BB%AD%E9%81%AD%E8%BD%AF%E7%A6%81-%E5%A6%BB%E6%89%B9%E4%B8%AD%E5%9B%BD%E6%B3%95%E5%BE%8B%E6%98%AF%E5%BA%9F%E7%BA%B8/a-50818274?maca=zh-Facebook-sharing&fbclid=IwAR1mzLfc_gvgIMmIZ7LgeONEln3xxP3M9tGBA9gpcdrP-fvgAM3lCWtwyjg,,,
2019-12-26,公安部指派山东警方成立「12.13」专案组，大规模清算公民社会，连串针对自由派人士的调查行动由12月26日开始高调进行，迄元旦当天至少已有8人被带走，分别是丁家喜、张忠顺、戴振亚、李英俊，黄志强、刘书庆、卫小兵、卢思位，6人被传唤。,禁言与政治迫害,5.0,https://www.rfa.org/cantonese/news/crackdown-01012020060740.html?fbclid=IwAR0hrse7vLYKfBh5F6ruNka03IpLvJ3MpltqAoeVDaR4vJT7CYN9eFtE5OY,,,
2017-07-13,2017年6月，刘晓波因确诊肝癌晚期而获准保外就医，其后于沈阳的中国医科大学附属第一医院在与外界隔离的状态下接受治疗。7月13日17时35分，医院宣布刘晓波病情恶化并因多重器官衰竭，经抢救无效病逝，终年61岁。2010年5月26日开始，在辽宁省锦州监狱服刑。同年10月8日，在服刑期间获得2010年诺贝尔和平奖。,禁言与政治迫害,5.0,https://zh.wikipedia.org/zh-hans/%E5%88%98%E6%99%93%E6%B3%A2,,,刘晓波肝癌恶化去世
2006-05-22,国家广播电影电视总局通过的《电影剧本(梗概)备案、电影片管理规定》对电影主题和内容进行限制，涉宗教、民族、国家安全、历史、三观等诸多方面。,文化文艺娱乐,4.0,https://web.archive.org/web/20200112055928/http://www.jincao.com/fa/14/law14.24.htm,,,《电影剧本(梗概)备案、电影片管理规定》
2020-01-08,山西太原前知名媒体人杜二伟曾因在網上發表事政言論於2019年7月19日被山西省太原市警方強行傳喚、遭酷刑虐待，8月18日，又被北京警方抓捕，並交太原市警方被以涉嫌“尋釁滋事罪”刑拘；其因言獲罪案在山西省太原市迎澤區法院開庭受理，因檢察院建議法院對其量刑3年半—4年半。,禁言与政治迫害,3.0,https://cppc1989.blogspot.com/2020/01/cppc00839.html,,,山西太原前知名媒体人杜二伟因言获罪案开庭
2020-01-09,中国独立电影节之一的“中国独立影像展”（CIFF）宣布无限期停办。电影节组织者发表声明称，“举办一个真正具有纯粹独立精神，并且具有有效性的电影节，已经成为不可能”。该独立影展2003年在南京创立，共举办了14届。,文化文艺娱乐,3.0,https://chinadigitaltimes.net/chinese/2020/01/%E5%87%B9%E5%87%B8%E9%95%9Cdoc-%E4%B8%AD%E5%9B%BD%E7%8B%AC%E7%AB%8B%E5%BD%B1%E5%83%8F%E5%B1%95%E6%97%A0%E9%99%90%E6%9C%9F%E5%81%9C%E5%8A%9E/,,,中国独立影像展无限期停办
2019-12-17,王某推特平台转发、评论、点赞反动信息被湖北省武汉市蔡甸区人民法院判寻衅滋事罪、诽谤罪,数字监控与审查,1.0,http://wenshu.court.gov.cn/website/wenshu/181107ANFZ0BXSK4/index.html?docId=4902dfca41974dccbd80ab3400ad9b9f,,,王某推特平台转发、评论、点赞反动信息被判寻衅滋事罪、诽谤罪
2013-07-16,公盟发起者、维权人士许志永7月16日正式以涉嫌“聚众扰乱公共场所秩序”被刑事拘留，引发广泛的抗议[19]。8月22日被正式批捕。2014年1月26日，北京市第一中级人民法院以“聚众扰乱公共场所秩序罪”为名判处许志永有期徒刑四年。,禁言与政治迫害,4.0,https://zh.wikipedia.org/zh-hans/%E8%AE%B8%E5%BF%97%E6%B0%B8,,,维权人士许志永涉嫌扰乱公共秩序被拘
2014-09-30,民間教育公益組織立人鄉村圖書館，數年間在12個省市建立了22個分館，隨從2011年起該組織遭到當局巨大打擊，至2014年先後有多個分館被迫關閉，2014年9月，該組織所有分館在同一時段被文化局、教育局、公安局等多個部門莫名叫停。,禁言与政治迫害,5.0,https://cppc1989.blogspot.com/2019/02/cppc00717.html,,,立人鄉村圖書館所有分馆被莫名叫停
2019-07-22,人权捍卫者程渊、刘永泽及吴葛健雄从2019年7月22日起便一直被羁押，无法与外界接触。8月27日，3人被以因涉嫌“颠覆国家政权罪”正式逮捕。,禁言与政治迫害,3.0,https://zh.amnesty.org/more-resources/news/ngo-workers-detained-for-subversion/,,,反歧视NGO工作人员被以“颠覆罪”拘押
2001-12-25,国务院发布新版《电影管理条例》，其中第二十五条关于电影审查列出10条内容和主题审查禁令。,文化文艺娱乐,3.0,https://web.archive.org/web/20200112061048/http://www.gov.cn/banshi/2005-08/21/content_25117.htm,,,国务院发布新版《电影管理条例》
2019-10-30,江西中醫藥大學科技學院對思政課考試流程進行改革，學校下發的通知規定，對於馬克思主義原理、毛澤東思想和中國特色社會主義理論的課程，學生必須得參加閉卷考試，考試不及格將無法獲取畢業證。,打击学术自由,3.0,https://zh.bitterwinter.org/ideological-education-pushes-out-other-university-courses/,,,高校加強思政課考不過無法畢業
2010-02-25,广电总局下发《广电总局关于改进和完善电影剧本(梗概)备案、电影片审查工作的通知》，规定凡剧情主要内容和主要人物涉及国家安全等“特殊题材”的，各省级广电部门须将电影剧本征得省级相关主管部门的意见后，方可备案。,文化文艺娱乐,3.0,https://web.archive.org/web/20200112060215/https://www.chinadaily.com.cn/dfpd/2010-02/25/content_9504077.htm,,,广电总局:特殊题材影片征求主管部门意见后备案
2019-02-28,中共江西省委机关报《江西日报》周一报道，从今年春季开学起，全省各级各类学校将开设红色文化课程，并使用红色文化教材。整套教材由中国教育部、省委教育工委、省教育厅共同编写，包括幼儿园、小学、中学、大学等共6册教材。这是国内首套系统性红色文化教材。,打击学术自由,5.0,https://www.rfa.org/mandarin/yataibaodao/kejiaowen/hc-02272019101818.html?fbclid=IwAR0U4n3U64I28UkbwOEoe0AYMSQf9DDpGJMVI2dYN47I_C0uqPZza0b2kDo,,,江西将使用“红色”教材 播撒家国情怀
2019-12-20,《网络信息内容生态治理规定》经国家互联网信息办公室审议通过，自2020年3月1日起施行。鼓励互联网服务商传播发行“习思想”等内容，要求互联网平台制定本平台网络信息内容生态治理细则，健全用户注册、账号管理、信息发布审核、跟帖评论审核、版面页面生态管理、实时巡查、应急处置和网络谣言、黑色产业链信息处置等制度。,干预互联网市场,4.0,https://web.archive.org/web/20200110001940/http://www.cnii.com.cn/xxtx/201912/t20191227_143370.html,,,网络信息内容生态治理规定
2019-12-31,逃亡中的公民运动人士许志永博士的家被北京市海淀区国保搜查，其女友李翘楚被以“寻衅滋事”罪传唤并跟踪监视。,禁言与政治迫害,2.0,https://web.archive.org/web/20200111042838/https://twitter.com/liqiaochu01/status/1215279449677148166?s=21,,,许志永的女友李翘楚被国保以“寻衅滋事”罪传唤监视
2002-06-30,《中國之春》創辦人、中國民主黨创办人之一王炳章，在越南边境附近，遭中國國安部與越南公安部人員綁架至一艘往中國的船上，在中國領土上遭公安逮捕。2003年2月，广东省深圳市中級人民法院以为台湾从事间谍活动和组织领导恐怖组织的罪名判处王炳章无期徒刑。,禁言与政治迫害,5.0,https://web.archive.org/web/20200105204022/https://zh.wikipedia.org/zh/%E7%8E%8B%E7%82%B3%E7%AB%A0,,,王炳章在越南被中國國安部抓捕
2016-12-30,2016年12月，習近平在全國高校思想政治教育工作會議上強調，搞好這項工作關係到高校培養什麼樣的人才、如何培養人以及為誰培養人這個根本問題。在其號召下，中國各大高校都在強化思政教育，努力把高等教育機構變成黨的堡壘與陣地。,打击学术自由,5.0,https://zh.bitterwinter.org/ideological-education-pushes-out-other-university-courses/,,,全國高校思想政治教育工作會
2018-05-01,重庆人权活动人士、“绿叶行动”倡导者薛仁义等公民在重庆解放碑广场佩戴绿叶，响应重庆街头“共振”，并发了一条“庆祝五一节，晒晒绿叶照”的信息，随即被刑事拘留，羁押在重庆垫江看守所。中国公民运动网2019年12月29日报道薛仁义已被当局判刑三年，即将送监,禁言与政治迫害,3.0,https://cmcn.org/archives/44979,,,“绿叶行动”倡导者薛仁义
2020-01-15,中美之间的第一阶段贸易协议在1月15日由美国总统特朗普和中国副总理刘鹤正式签署。中国除了承诺将会扩大进口2000亿美金的美国商品之外，也承诺将进行一系列实质改革。,重大历史事件,5.0,https://www.dw.com/zh/%E4%B8%AD%E7%BE%8E%E7%AD%BE%E7%BD%B2%E7%AC%AC%E4%B8%80%E9%98%B6%E6%AE%B5%E5%8D%8F%E8%AE%AE-%E9%87%87%E8%B4%AD%E5%A4%A7%E5%A2%9E%E5%85%B3%E7%A8%8E%E5%9F%BA%E6%9C%AC%E4%B8%8D%E5%8F%98/a-52019322,,,中美签署第一阶段贸易协议
2020-01-23,新型冠状病毒肺炎自12月初开始从武汉华南海鲜批发市场传出，至1月22日全国感染病例快速增加，多个国家采取措施，WHO召开紧急会议。中国武汉春节前夜宣布停止全市公共交通，包括地铁和渡轮运营；机场和火车站也只可进不可出。官方通报要求市民无特殊原因不要离开武汉。,重大历史事件,5.0,https://www.bbc.com/zhongwen/simp/chinese-news-51216354,,,武汉肺炎: 当局封城防控疫情 死亡人数飙升
2020-02-07,【“真理部”】关于武汉市中心医院李文亮医生去世一事，要严格规范稿源，严禁使用自媒体稿件擅自报道，不得弹窗PUSH，不评论，不炒作。互动环节稳妥控制热度，不设话题，逐步撤出热搜，严管有害信息。,数字监控与审查,3.0,https://chinadigitaltimes.net/chinese/2020/02/%e3%80%90%e7%9c%9f%e7%90%86%e9%83%a8%e3%80%91%e6%ad%a6%e6%b1%89%e5%b8%82%e4%b8%ad%e5%bf%83%e5%8c%bb%e9%99%a2%e6%9d%8e%e6%96%87%e4%ba%ae%e5%8c%bb%e7%94%9f%e5%8e%bb%e4%b8%96/,,,【真理部】武汉市中心医院李文亮医生去世
2020-02-04,2月4日晚央视《新闻联播》头条播发报道《坚定信心 坚决打赢疫情防控阻击战——习近平在中共中央政治局常务委员会会议上的讲话引发强烈反响》中披露中宣部已调集300多名记者深入湖北和武汉进行采访报道。,宣传平台及运动,4.0,https://chinadigitaltimes.net/chinese/2020/02/%e3%80%90%e7%ab%8b%e6%ad%a4%e5%ad%98%e7%85%a7%e3%80%91%e9%95%bf%e6%b1%9f%e7%bd%91-%e4%b8%ad%e5%ae%a3%e9%83%a8%e8%b0%83%e9%9b%86300%e5%a4%9a%e5%90%8d%e8%ae%b0%e8%80%85%e6%b7%b1%e5%85%a5%e6%b9%96/,,,中宣部调集300多名记者深入湖北和武汉进行采访
2019-08-02,2019年8月初，中央主題教育領導小組和中央組織部聯合印發《在「不忘初心、牢記使命」主題教育中集中整頓軟弱渙散基層黨組織實施方案》，在全國範圍內展開針對「軟弱渙散的基層黨組織」的整頓工作。「不忘初心、牢記使命」是習近平親自發起的主題教育計劃，以「不斷純潔黨的隊伍」。,党团人事组织,4.0,https://zh.bitterwinter.org/communist-party-clamps-down-on-its-religious-members/,某縣集中整頓軟弱渙散基層黨組織的會議單張,https://i.imgur.com/fIZ6hkW.jpg,全國範圍內展開針對「軟弱渙散的基層黨組織」的整頓工作
2019-10-31,全國上下不斷加強思想教育舉措，老師因為執行力不夠被問責，學生被要求舉報信神的家人、親戚。,打击学术自由,5.0,https://zh.bitterwinter.org/chinas-schools-pledge-to-do-away-with-religion/,2019年教育局黨委意識形態工作責任書,https://i.imgur.com/pe3Fbuf.jpg,校園加強反宗教宣傳師生受壓
2020-02-07,〔即時新聞／綜合報導〕中國武漢肺炎的「吹哨人」、34歲武漢中心醫院眼科醫師李文亮今天凌晨病逝，在中國網路掀起討論聲浪，網民檢討「自由言論」的聲音從四面八方響起，不過中國官方也開始封鎖所有敏感辭彙，甚至有網民發表中共歌詞「起來，不願做奴隸的人們」，也被官方刪除並警告。,禁言与政治迫害,2.0,https://news.ltn.com.tw/news/world/breakingnews/3060945,,https://i.imgur.com/kMvLURv.jpg,李文亮逝世爆民怨！中共狂刪網文 PO國歌歌詞也被「警告」
2020-02-09,"周佩仪是该校高级社会工作实务课程授课老师，主要工作是从事社会工作实务和社会组织服务。

直接导致解聘的不当言论如下。

有网友还晒出其朋友圈的其他言论。 ...[全文](https://chinadigitaltimes.net/chinese/2020/02/%e8%b5%b0%e7%9c%8b%e7%a4%be%e4%bc%9a-%e4%b8%ad%e5%9b%bd%e7%a4%be%e7%a7%91%e5%a4%a7%e5%a4%96%e8%81%98%e6%95%99%e5%b8%88%e5%91%a8%e4%bd%a9%e4%bb%aa%e5%9b%a0%e5%8f%91%e8%a1%a8%e4%b8%8d%e5%bd%93/)",打击学术自由,3.0,https://chinadigitaltimes.net/chinese/2020/02/%e8%b5%b0%e7%9c%8b%e7%a4%be%e4%bc%9a-%e4%b8%ad%e5%9b%bd%e7%a4%be%e7%a7%91%e5%a4%a7%e5%a4%96%e8%81%98%e6%95%99%e5%b8%88%e5%91%a8%e4%bd%a9%e4%bb%aa%e5%9b%a0%e5%8f%91%e8%a1%a8%e4%b8%8d%e5%bd%93/,,,中国社科大外聘教师周佩仪因发表不当言论被解聘
2020-02-01,维权网: 原南京师范大学副教授、南京著名人权捍卫者郭泉因揭露新冠病毒内幕、及持续为疫区人民发声遭中共当局抓捕 羁押在南京市第二看守所 ...[全文](https://wqw2010.blogspot.com/2020/02/blog-post_72.html),禁言与政治迫害,3.0,https://wqw2010.blogspot.com/2020/02/blog-post_72.html,,https://i.imgur.com/sDB91In.jpg,维权网: 原南京师范大学副教授、南京著名人权捍卫者郭泉因揭露新冠病毒内幕、及持续为疫区人民发声遭中共当局抓捕 羁押在南京市第二看守所
2020-02-16,美国和塔利班达成一项“停火”协议，即从2月17日开始实现为期7天的“减少暴力行动”。这是美国和塔利班之间同意达成和平谈判的第一步。,重大历史事件,5.0,https://www.soundofhope.org/post/344200,,,美国和塔利班达成和平协议第一步 美防长：要给和平一个机会
2020-02-15,"凤凰网被勒令整改

中国网信网 报道 ，2 月 14 日晚，国家互联网信息办公室指导北京市互联网信息办公室，针对凤凰网存在刊发非规范稿源新闻信息、凤凰新闻客户端持续传播低俗庸俗信息等问题，严肃约谈凤凰网负责人，责令企业立即停止违规行为。企业负责人表示，将严格落实网信部门管理要求，对相关问题进行自查自纠，对违规问题严重的部分频道暂停更新，关闭有关违规账号，并严肃处理相关责任人。北京市互联网信息办公室 ...[全文](https://www.solidot.org/story?sid=63533)",干预互联网市场,3.0,https://www.solidot.org/story?sid=63533,,https://i.imgur.com/kLTkBfi.jpg,凤凰网被勒令整改
2020-02-21,"CDT编者按：本文公众号原文已被删除

原创：象甲

受疫情影响，从幼儿园到大学，国内的各个学校都推迟开学，纷纷开始了网络授课。

教育是立国之本，疫情期间利用互联网授课，本来也是一件严肃的事情，但是由于国内互联网敏感词的泛滥，各大学校网络授课或者网络直播授课，都遭受了课件被屏蔽、直播间被封禁等尴尬的局面。

国家教育部钦定的教学内容，怎么在网上就成为了遭受屏蔽和封禁的对象？

首先遭受封禁的是医 ...[全文](https://chinadigitaltimes.net/chinese/2020/02/%e8%b1%a1%e7%94%b2%e4%b9%a6%e5%ba%97-%e5%ad%a6%e6%a0%a1%e7%bd%91%e8%af%be%e7%9b%b4%e6%92%ad%e5%b1%a1%e9%81%ad%e5%b0%81%e7%a6%81%ef%bc%8c%e6%88%91%e4%bb%ac%e7%9a%84%e4%ba%92%e8%81%94%e7%bd%91/)",数字监控与审查,2.0,https://chinadigitaltimes.net/chinese/2020/02/%e8%b1%a1%e7%94%b2%e4%b9%a6%e5%ba%97-%e5%ad%a6%e6%a0%a1%e7%bd%91%e8%af%be%e7%9b%b4%e6%92%ad%e5%b1%a1%e9%81%ad%e5%b0%81%e7%a6%81%ef%bc%8c%e6%88%91%e4%bb%ac%e7%9a%84%e4%ba%92%e8%81%94%e7%bd%91/,,,学校网课直播屡遭封禁，我们的互联网有病
2020-02-16,据多方了解，中国公民运动践行者许志永于2月15日晚6点左右在广州番禺海鸥岛被带走，与他一同被带走的还有广州女律师杨斌一家三口，杨斌一家被扣押一天后已经获释。,禁言与政治迫害,4.0,https://cmcn.org/archives/46445,,,中国公民运动践行者许志永在广州被捕
2020-02-21,"中国政府在对抗疫情的同时，也加大了对批评人士的打压。英国《卫报》的消息称，清华大学教授许章润被官方软禁。报道称，许章润家中的网络被切断，他个人的微信帐号也被冻结。

（德国之声中文网）新冠病毒疫情爆发以来，清华大学教授许章润在网上发表多篇批评性文章，严厉指责习近平领导下的中国政治体制。他认为中国的政治体制在官僚主义的奴役下已经崩塌。今年2月初，他在网上发表题为《愤怒的人民已不再恐惧》的文章。文章中 ...[全文](https://chinadigitaltimes.net/chinese/2020/02/%e5%be%b7%e5%9b%bd%e4%b9%8b%e5%a3%b0-%e6%89%b9%e8%af%84%e5%ae%98%e6%96%b9%e5%ba%94%e5%af%b9%e7%96%ab%e6%83%85%e4%b8%8d%e5%88%a9-%e6%b8%85%e5%8d%8e%e8%ae%b8%e7%ab%a0%e6%b6%a6%e9%81%ad%e8%bd%af/)",禁言与政治迫害,4.0,https://chinadigitaltimes.net/chinese/2020/02/%e5%be%b7%e5%9b%bd%e4%b9%8b%e5%a3%b0-%e6%89%b9%e8%af%84%e5%ae%98%e6%96%b9%e5%ba%94%e5%af%b9%e7%96%ab%e6%83%85%e4%b8%8d%e5%88%a9-%e6%b8%85%e5%8d%8e%e8%ae%b8%e7%ab%a0%e6%b6%a6%e9%81%ad%e8%bd%af/,,,批评官方应对疫情不利 清华许章润遭软禁
2020-02-22,新华社『半月谈』发评论“让人说真话，天塌不下来”，在微信群流传，跟帖很多，不过寿命不长，几小时后，就被封杀了。这篇文章说的是武汉大学中南医院教授张笑春2月3日，在微信朋友圈公开质疑用核酸检测确诊新冠肺炎的可靠性，建议用CT影像作为诊断主要依据。,干预互联网市场,3.0,http://www.rfi.fr/cn/%E4%B8%AD%E5%9B%BD/20200222-%E5%AE%98%E5%AA%92%E6%96%B0%E5%8D%8E%E7%A4%BE%E9%BC%93%E5%8A%B1%E8%AF%B4%E7%9C%9F%E8%AF%9D%E6%96%87%E7%AB%A0%E4%B9%9F%E9%81%AD%E5%88%A0,,,官媒新华社鼓励说真话文章也遭删
2020-02-20,"腾讯旗下的自媒体平台《大家》被执行了""死刑""。这个集中了许多中国自由派知识分子的自媒体信息平台，从此消失在人们的视野中。在被执行""死刑""之前，《大家》发表的最后一批文章包括《武汉肺炎50天，全体中国人都在承受媒体死亡的代价》",干预互联网市场,4.0,https://www.dw.com/zh/%E8%88%86%E8%AE%BA%E7%AE%A1%E6%8E%A7%E6%96%B0%E9%AB%98%E5%BA%A6-%E8%85%BE%E8%AE%AF%E5%A4%A7%E5%AE%B6%E8%A2%AB%E8%87%AA%E6%9D%80/a-52444359,,,舆论管控新高度 腾讯《大家》“被自杀”
2020-02-26,"2月26日晚10点多，曾是央视主持人的公民记者李泽华是在武汉病毒研究所前面拍摄时被国安跟踪，然后在其武汉住所遭国安人员抓捕、带走、失踪。

武汉病毒研究所的P4实验室一直遭疑是这次武汉肺炎疫情的泄毒源头。26日下午，李泽华去武汉病毒研究所探访，他看到病毒研究所已经被封锁了，无法进入。后来他在车里看视频的时候，发现可能是国安人员开着普通车在跟踪他。他担心国安抓捕他，对他进行隔离，于是他摄录视频，向外 ...[全文](https://www.soundofhope.org/post/347866)",禁言与政治迫害,3.0,https://www.soundofhope.org/post/347866,,https://i.imgur.com/kNIGBUa.jpg,暗访武汉病毒研究所 前央视主持人李泽华被抓（视频）
2020-03-05,中国新公民运动创始人许志永被监视居住,禁言与政治迫害,3.0,https://www.chinesepen.org/blog/archives/144839,,,中国新公民运动创始人许志永被监视居住
2020-03-04,3月4日，据央视总编室知情人士透露，央视前主持人阿丘已被彻底封杀。此前由阿丘作为主持人出镜的某档社会类节目，也已经在2019年底被调整。,禁言与政治迫害,3.0,https://chinadigitaltimes.net/chinese/2020/03/%e6%89%91%e7%81%ab%e7%9a%84%e9%a3%9e%e8%9b%be-%e4%b8%bb%e6%8c%81%e4%ba%ba%e9%98%bf%e4%b8%98%e8%a2%ab%e5%a4%ae%e8%a7%86%e5%b0%81%e6%9d%80/,,https://i.imgur.com/VVjPper.png,主持人阿丘被央视封杀
2020-03-13,中国国务院新闻办公室今日（13日）发表《2019年美国侵犯人权报告》，指美国充斥着歧视和暴力问题，公民权利缺乏基本保障，更称美国对自身侵犯人权的行为置若罔闻，并歪曲他国人权状况，在人权问题上玩弄双重标准。,宣传平台及运动,3.0,https://www.zaobao.com/realtime/china/story20200313-1036798,,,中国国务院发表《2019年美国侵犯人权报告》
2020-03-08,学者赵士林庚子上书呼吁政改，吁习直面五大体制原因 落实自由民主平等法治诉求； 倒行逆施 封锁真相导致疫情凶猛蔓延。,禁言与政治迫害,4.0,https://web.archive.org/web/20200310070921/https://chinadigitaltimes.net/chinese/2020/03/%E8%B5%B5%E5%A3%AB%E6%9E%97%EF%BC%9A%E5%BA%9A%E5%AD%90%E4%B8%8A%E4%B9%A6/,学者赵士林近照,https://i.imgur.com/tJvAexs.png,学者赵士林庚子上书呼吁政改遭全网封杀
2020-03-19,武漢肺炎疫情期間媒體報道「禁區」多　不隨政府導向就遭罰。「特殊時期，中共好像一隻敏感的怪獸，一不小心觸碰到它，它就會聲色俱厲，大家都特別謹小慎微。」一位官媒記者告訴《寒冬》，疫情期間，當地宣傳部門給媒體提出幾項特別要求，包括：本地媒體不能跨省報道，以便於管控；記者不能報道特定的話題，例如，（外地）火葬廠工人支援武漢，女醫護人員為免換防護服而吃藥推遲生理期等。,禁言与政治迫害,4.0,https://zh.bitterwinter.org/media-reports-about-coronavirus-heavily-censored/,,https://i.imgur.com/t0EngvC.jpg,武漢肺炎疫情期間媒體報道「禁區」多　不隨政府導向就遭罰
2020-03-21,在武汉封城期间实地调查报道疫情的三人：陈秋实 方斌 李泽华三人在今年2月份相继失联。直到现在一个月，全然没有音讯，引发关注。今天推特上有网民呼唤他们说，权当是叫魂---陈秋实，方斌，李泽华回家！,禁言与政治迫害,5.0,http://www.rfi.fr//cn/%E4%B8%AD%E5%9B%BD/20200321-%E9%99%88%E7%A7%8B%E5%AE%9E-%E6%96%B9%E6%96%8C-%E6%9D%8E%E6%B3%BD%E5%8D%8E%E6%AD%A6%E6%B1%89%E5%A4%B1%E8%B8%AA%E6%9C%88%E4%BD%99-%E7%BD%91%E4%B8%8A%E6%9C%89%E4%BA%BA-%E5%8F%AB%E9%AD%82,,https://i.imgur.com/7n5ELgk.png,陈秋实 方斌 李泽华武汉失踪月余 网上有人“叫魂”
2020-03-17,（德国之声中文网）中国电视名人邱晨近日被扒出2014年有关香港占中的网上言论，被指有挺「港独」之嫌，官媒《人民日报》发文暗批。邱晨事後发道歉声明澄清「素来坚持一国两制，反对港独」，将退出公众视野，但仍未能平息风波。,禁言与政治迫害,4.0,https://www.dw.com/zh/%E7%BD%91%E7%BB%9C%E6%96%87%E9%9D%A9%EF%BC%9F%E8%BE%A9%E6%89%8B%E9%82%B1%E6%99%A8%E4%B8%BA%E3%80%8C%E6%B8%AF%E7%8B%AC%E3%80%8D%E8%A8%80%E8%AE%BA%E8%87%B4%E6%AD%89%E9%80%80%E5%9C%88/a-52804472,,https://i.imgur.com/tB6X9CR.jpg,网络文革？辩手邱晨为「港独」言论致歉退圈
2020-03-26,Github pages 可能遭遇中间人攻击。中国 IP 访问会显示一个无效的证书，域名所有者使用了一个腾讯的邮箱“346608453@qq.com”，Github 显然不可能会用腾讯邮箱。使用境外 IP 访问则返回了 DigiCert 签发的有效证书，使用的名字都是 GitHub。目前不清楚中间人攻击范围有多大。,数字监控与审查,5.0,https://www.solidot.org/story?sid=63938,,https://i.imgur.com/026M13D.jpg,Github pages 可能遭遇中间人攻击
2020-03-05,中国公民运动家、法律学者许志永2月因呼吁中共总书记习近平“让位”被捕后，而拍摄许志永纪录片的中国导演陈家坪传出3月初在北京被控“煽动颠覆国家政权”，遭指定居所监视居住。,禁言与政治迫害,4.0,http://www.rfi.fr//cn/%E4%B8%AD%E5%9B%BD/20200413-%E4%B8%AD%E5%9B%BD%E5%AF%BC%E6%BC%94%E9%99%88%E5%AE%B6%E5%9D%AA%E6%8B%8D%E6%91%84%E8%AE%B8%E5%BF%97%E6%B0%B8%E7%BA%AA%E5%BD%95%E7%89%87%E8%A2%AB%E6%8E%A7%E7%85%BD%E5%8A%A8%E9%A2%A0%E8%A6%86,,https://i.imgur.com/luG5tTq.jpg,中国导演陈家坪拍摄许志永纪录片被控煽动颠覆
2020-04-11,中國刪帖員：武漢肺炎期間日刪萬條政府不許可敏感言論。小劉（化名）是中國大陸某知名網絡平台的刪帖員，採訪開始時，小劉正在刪除當天的第9450條信息。跟他的所有同事一樣，他每天都要刪除一定數量的帖文，才算完成定額。,数字监控与审查,4.0,https://zh.bitterwinter.org/chinas-online-censors-hide-truth-with-governments-lies/,,https://i.imgur.com/XQUbvFY.jpg,中國刪帖員：武漢肺炎期間日刪萬條政府不許可敏感言論
2020-04-25,"（维权网信息中心报道）2020年4月25日，本网获悉：疫情期间遭刑事拘留的北京科技大学退休教师陈兆志已于4月17日被海淀区检察院批准逮捕，其涉嫌罪名由刑事拘留时的“编造、故意传播虚假信息罪”变更为“寻衅滋事罪”。
委托律师近日前往海淀区看守所会见了陈兆志。陈兆志的疫情言论包括“武汉病毒不是中国病毒，是中共病毒”等，他认为这是中共在对他进行政治迫害和侵害言论自由，因此拒绝在审讯笔录上签字。",禁言与政治迫害,4.0,https://chinadigitaltimes.net/chinese/2020/04/%e7%bb%b4%e6%9d%83%e7%bd%91%ef%bd%9c%e7%96%ab%e6%83%85%e6%9c%9f%e9%97%b4%e5%9b%a0%e8%a8%80%e8%8e%b7%e7%bd%aa-%e5%8c%97%e7%a7%91%e5%a4%a7%e9%80%80%e4%bc%91%e6%95%99%e5%b8%88%e9%99%88%e5%85%86%e5%bf%97/,,https://i.imgur.com/ixSSh7O.jpg,维权网｜疫情期间因言获罪 北科大退休教师陈兆志已被批捕
2020-04-26,中国湖北大学教授，博士导师梁艳萍发文力挺作家方方撰写武汉封城日记后，不断遭网友举报曾在其个人社群发表多篇所谓“不当言论”后，湖北大学昨晚宣布已成立调查组深入调查，并将视情况“严肃处理。,打击学术自由,4.0,http://www.rfi.fr//cn/%E4%B8%AD%E5%9B%BD/20200427-%E5%8F%91%E6%96%87%E6%8C%BA%E6%96%B9%E6%96%B9%E5%90%8E-%E6%B9%96%E5%8C%97%E5%A4%A7%E5%AD%A6%E6%95%99%E6%8E%88%E6%A2%81%E8%89%B3%E8%90%8D%E9%81%AD-%E6%A0%A1%E6%96%B9%E8%B0%83%E6%9F%A5,,https://i.imgur.com/V0m5fxN.jpg,发文挺方方后 湖北大学教授梁艳萍遭“校方调查”
2020-04-26,"（大纪元记者骆亚采访报导）上海维权律师彭永和近日被指有政治倾向问题，因此无法执业、无法转所。北京人权律师程海认为，这种说法非常可笑，这话本身就有政治倾向问题，他感叹大陆律师执业生存空间越来越小。
4月26日彭永和录制一段视频放到网上，披露上个月30日和这个月9日，他找到两家律师事务所，对方都表示不能聘用他，其中第二家律师事务所的主任称，有律师认为“他有政治倾向问题”。",禁言与政治迫害,4.0,https://www.epochtimes.com/gb/20/4/27/n12064178.htm,,,有政治倾向？ 上海彭永和律师无法执业转所
2020-04-18,"武汉肺炎爆发期间，三名北京90后志愿者，陈玫、蔡伟和唐姓女友因协助疫情信息的收集工作遭到中共当局非法拘留，其中蔡伟和女友小唐被指定监视居住，涉“寻衅滋事”，陈玫情况不明。
消息说，蔡和陈是“端点星”网站志愿者，中共肺炎爆发时，该网站有疫情相关文章的备份，发布了疫情动态，保存了疫情记忆。
疫情期间，小玫和阿伟志愿协助资源信息的收集工作。这些资源信息包括：居家隔离指南、医疗指南和社区资源等，他们的志愿工作给疫区的民众提供了很多帮助。",禁言与政治迫害,4.0,https://www.epochtimes.com/gb/20/4/25/n12060478.htm,,,北京三名90后武汉疫情志愿者遭非法拘留
2020-04-30,"中国高校海南大学今天发布声明，称已成立工作组核查该校退休教师王小妮发表不当言论的问题。
据网友在微博发布的王小妮微博内容截图显示，王小妮曾在2014年3月转发过有关香港“占中”运动的博文，并在当年4月发文声援台湾太阳花学运，称“希望你们能继续带领国家走出黑暗”；2012年2月27日曾发文称“学雷锋”是荒诞戏剧等等。",打击学术自由,3.0,https://www.zaobao.com/realtime/china/story20200430-1049686,,,海南大学退休教师发布不当言论被校方调查
2020-04-24,（维权网信息中心报道）2020年4月24日，本网获悉：基督徒、学者冉云飞因要参加网络福音布道会，遭成都警方带走，后获释。,禁言与政治迫害,2.0,https://wqw2010.blogspot.com/2020/04/blog-post_46.html,,,基督徒、学者冉云飞因要参加网络福音布道会 遭成都警方带走
2018-10-14,"社科院美国所书记约谈资中筠先生，指其三条错误：1，公然宣扬党史造假；
2，大肆鼓吹宪政;3，炎黄春秋的会上说十八大没有新东西，只有两点与以往不同还是倒退的。资中筠女儿称“我妈’供认不讳‘”。",打击学术自由,3.0,https://www.mingjingnews.com/article/106386-80,,,社科院美国所书记约谈资中筠
2020-04-30,中國獨立媒體人陳杰人2018年7月被刑事拘留，今年4月30日法院一審判決，以4項罪名判處他15年有期徒刑。他以敢言著稱，在被警方帶走之前，曾實名檢舉湖南官員，分析指宣判有殺一儆百之意。根據湖南省桂陽縣人民法院公告，4月30日下午，桂陽縣人民法院公開開庭，對被告人陳杰人、陳偉人、劉敏「尋釁滋事、敲詐勒索、非法經營、行賄」一案宣告一審判決，陳杰人以前述4罪判處有期徒刑15年，並處罰金人民幣701萬元。,禁言与政治迫害,5.0,https://www.rti.org.tw/news/view/id/2062444,,https://i.imgur.com/34X4Buw.jpg,[兩岸] 中國媒體人陳杰人遭判15年 分析指警示敢言者
2020-05-06,"（中央社台北5日電）武漢多名市民因疫情喪生，當地居民張海4日在網路發起上發起籌款，計劃設立疫情遇難者紀念碑，並追究官方隱瞞疫情者的責任。但他的網路及電話卻遭到監控，4日當天還被派出所傳喚詢問。

美國之音（VOA）中文網報導，張海4日透過網路，以自己的實名發起「關於籌款立碑紀念在武漢疫情遇難者的募捐公告」，以及捐款二維碼。

張海表示，他希望以這種方式「為所有不幸感染新冠（武漢肺炎）病毒而病逝的武",禁言与政治迫害,2.0,https://www.cna.com.tw/news/acn/202005050398.aspx,,,武漢民眾籌款建立疫情紀念碑 貼文被刪遭警傳喚
2020-05-11,"原中国华东政法大学副教授张雪忠5月10日发表近万字致中国全国人大公开信，呼吁尽早启动国民制宪程序，努力实现政治和平转型，并附上他所编撰的宪法草案建议稿。

在这封已在网络上广泛而秘密地被中国网友传播的公开信中，张雪忠直言中国现行的宪法是“伪宪法”，他不认为全国人大代表是“中国人民的正当代表，也不认为全国人民代表大会是一个正当的代议机构”。

据知，张雪忠已于周一（5月11日）凌晨被上海警方从家中带走，具体原因不明。",禁言与政治迫害,4.0,http://www.bbc.com/zhongwen/simp/chinese-news-52614586,,https://i.imgur.com/rSu2abB.jpg,中国“两会”前致公开信吁启动国民制宪，知名学者张雪忠被警方带走
2013-12-09,"据《联合早报》报道，华东政法大学12月9日通知该校法律学院副教授张雪忠，将停止对其聘用。华政公告表示，张雪忠借学校办公自动化系统，“强行向全校教职员工传播其政治观点，还利用其教师身份在学生中传播政治观点，严重背离高校教师职业操守。”

张雪忠6月在网上发表一篇文章，题为《2013反宪政逆流的根源及危险》。他说，文章发表几天之后，四名学校领导把他叫到会议室，对他进行警告，说那篇文章既违反了中国的教师职业道德规范，也违反了中国的宪法。",打击学术自由,4.0,https://web.archive.org/web/20150629192553/http://www.wyzxwk.com/Article/shidai/2013/12/310729.html,,,宪政派副教授张雪忠被华东政法大学解聘
2020-05-06,（中央社台北6日電）評論甚或消遣政要在民主國家司空見慣，在中國卻得承受牢獄之災。湖北省有個受雇於國有銀行的上班族劉艷麗，因上網發文評論國家領導人而被法院宣判觸犯尋釁滋事罪，處以有期徒刑4年。,禁言与政治迫害,3.0,https://www.cna.com.tw/news/acn/202005060126.aspx,,,中國國有銀行員評論時政 當局容不下判刑4年
2020-02-08,谢谢,文化文艺娱乐,3.0,https://www.rfa.org/mandarin/yataibaodao/shaoshuminzu/xql-01032020102823.html,,,关于打压藏传佛教的信息，我发错板块了，已经重新在宗教板块发布，这边请删除，谢谢
2020-05-12,"【大纪元2020年05月13日讯】（大纪元记者张北采访报导）“宁愿站着死，绝不跪着活。真正的高贵不是这些诽谤侮辱迫害能决定的。”

山东临沂市人大研究室副研究员丰晓燕因散发民主传单，被当局以治疗“精神病”为名关入臭名昭著的临沂市第四人民医院，她的女儿杨清（化名）连日来四处奔走呼吁，才得以见到母亲。丰晓燕在见面时对女儿表明了自己不可改变的意志。",禁言与政治迫害,3.0,https://www.epochtimes.com/gb/20/5/12/n12103030.htm,,https://i.imgur.com/xvApvRt.jpg,山东临沂人大副研究员吁民主 被关精神病院
2020-02-08,藏传佛教五明佛学院的索达吉堪布所建的面向汉族人的网站《智悲佛网》，于2020年2月8日被关闭。2个月后，其由藏传佛教信徒所开设的备份网站《智悲图书馆》亦被关闭。,文化文艺娱乐,3.0,https://www.rfa.org/mandarin/yataibaodao/shaoshuminzu/xql-01032020102823.html,,,藏传佛教-五明佛学院网站《智悲佛网》被关闭
2020-05-17,"据陕西省安康市汉滨区公安分局微博发布的消息，近日，汉滨公安分局依法查处一起使用非法软件建立互联网信道进行国际联网案件。

　　5月17日，分局情指中心在工作中发现，有人使用“翻墙”软件接入境外网络。情指中心立即会同城郊派出所展开调查，并迅速查明该“翻墙”软件使用人为杨某某，随即依法将杨某某传唤至公安机关接受询问。

　　经查，违法行为人杨某某于2019年9月在手机上下载老王VPN、蚂蚁VPN两款软件，安装在手机上免费使用，并擅自利用这两款软件建立非法信道进行国际联网。经审查，违法行为人杨某某对自己的违法事实供认不讳。依据《中华人民共和国计算机信息网络国际联网管理暂行规定》第六条、第十四条之规定，汉滨分局给予杨某某行政警告并处500元罚款的处罚。",数字监控与审查,5.0,https://pincong.rocks/question/25570,,,陕西省安康市抓捕翻墙者
2020-05-28,中国第十三届全国人民代表大会周四（5月28日）以2878票赞成、1票反对、6票弃权、1人未有按键下，通过了香港《国安法》立法决定草案,重大历史事件,5.0,https://www.bbc.com/zhongwen/simp/chinese-news-52829765,,,中共通过《香港国安法》，一国两制正式宣告终结。
2020-05-18,"5月18日,一则“全国停办因私护照”的消息广泛传播。消息来自于一段群聊记录,其中称“全国统一停办因私护照”,除非提供相关材料证明自己属“留学、工作、奔丧”等。",重大历史事件,5.0,https://zhuanlan.zhihu.com/p/142492093,,,全国停办因私护照（上海除外）
2020-06-05,中国教育部今日（5日）宣布《高等学校课程思政建设指导纲要》（以下简称《纲要》），全面推进高校课程思政建设。《纲要》提出，课程思政建设要在所有高校、所有学科专业全面推进，围绕全面提高人才培养能力这一核心点，围绕政治认同、家国情怀、文化素养、宪法法治意识、道德修养等重点优化课程思政内容供给，提升教师开展课程思政建设的意识和能力。,打击学术自由,4.0,https://www.zaobao.com/realtime/china/story20200605-1058872,,,中国教育部：全面推进高校课程思政建设
2020-06-03,"中國教師被迫做獨裁政府洗腦工具，曝政治任務太重，不堪重負。現在，他們被派往香港指導教育工作。

近日，湖南省、四川省等多省教育廳下發《關於遴選中小學及幼兒園教師赴港澳擔任教學指導教師的通知》，要求甄選教師進入香港「擔任教學指導」工作。甄選條件中第一條不是教學水平，而是「政治立場堅定」「擁護中央有關港澳工作方針政策」，且必須是黨員。",打击学术自由,4.0,https://zh.bitterwinter.org/ccp-expands-indoctrination-to-hong-kong-schools/,,https://i.imgur.com/CB2eevL.jpg,中共加緊培訓教師成紅色洗腦高手　送入港做青少年教學指導
2020-06-04,"6月4日，中国前足球名将郝海东投下了震撼弹，他向全世界宣读了“新中国联邦宣言”。随后，他的新浪微博遭到全网封杀。对于郝海东的举动，引发大量网民的支持与赞扬。

郝海东的公开宣言发表不久，其拥有接近770万粉丝的微博立即遭到全面封锁，相关评论功能也被关闭。与郝海东及家人相关的国内媒体报导，大量被删除。",禁言与政治迫害,4.0,https://www.epochtimes.com/gb/20/6/5/n12162705.htm,,,郝海东号召消灭中共 网民：中共末日已近
2020-06-04,"（大纪元记者顾晓华、江枫采访报导）一名90后澳洲女留学生因为在墨尔本组织悼念李文亮的活动以及参加香港反送中运动，中共警方约谈她父亲，逼她回国自首。6月4日这一天，她首次露出真容。

网名叫“洞物员Zoo”的留学生去年六月来到澳洲，在墨尔本组织了两场悼念李文亮的活动。去年10月底她还曾前往香港支援反送中运动。",禁言与政治迫害,2.0,https://www.epochtimes.com/gb/20/6/4/n12161920.htm,,https://i.imgur.com/X0OZneE.jpg,被逼回国自首 留学生亮相反共
2020-06-05,"中国将在11省份试点道路客运刷脸等方式检票乘车。

中国交通运输部在昨天（4日）公布的通知中提到，决定在天津、河北、山东开展道路客运电子客票试点应用工作的基础上，增加北京、江苏、江西、河南、广东、海南、贵州、宁夏等八个省份。

交通运输部在官网上解释，试点工作的目的是要进一步提高道路客运服务质量，改善旅客出行体验，提升道路客运行业应对重大突发事件数据支撑能力。",数字监控与审查,3.0,https://www.zaobao.com/realtime/china/story20200605-1058916,,,中国11省将试点道路客运刷脸等方式检票乘车
2020-06-16,6月15日是中共总书记习近平的67岁生日，中央党校副校长何毅亭在学习时报上撰文盛赞“习思想”是“21世纪马克思主义”，并指任何力量都阻挡不了中国特色社会主义的发展壮大。学习时报是中共中央党校的机关报，14日下午，学习时报就透过微信公众号预告，隔天会刊发重要文章和重大报导。,党团人事组织,4.0,http://www.rfi.fr//cn/%E4%B8%AD%E5%9B%BD/20200616-%E4%B8%AD%E5%A4%AE%E5%85%9A%E6%A0%A1%E5%89%AF%E6%A0%A1%E9%95%BF%E7%9B%9B%E8%B5%9E%E4%B9%A0%E8%BF%91%E5%B9%B3%E4%B8%8E%E9%A9%AC%E5%88%97%E6%AF%9B%E9%82%93%E9%BD%90%E5%90%8D,,https://i.imgur.com/KYUgeXo.png,中央党校副校长盛赞习近平与马列毛邓齐名
2020-06-17,中国异议人士、著名记者高瑜长期受到当局监控及骚扰。本周三（6月17日），高瑜在社交媒体推特写道：“儿子一早就上班去了，今天要交接工作，晚上回来就是一个失业者了。”高瑜质问北京市公安局：“你们一定特别得意吧？你们的淫威施展了，你们威胁我和我的家庭的目的达到了。”,禁言与政治迫害,3.0,https://www.rfa.org/mandarin/yataibaodao/renquanfazhi/ql1-06182020061648.html,,,高瑜推特披露疫情 儿子遭报复“被失业”
2020-06-17,"東北某地4月下發打擊境外滲透專項行動的文件，文件稱因當前對美鬥爭的需要，對美國在華宗教組織活動展開全面專項調查，摧毀美國「南浸禮會」等宗教團體的在華組織。

文件稱，這次行動是為了落實習近平「絕不允許利用宗教對我進行滲透，絕不允許境外宗教勢力在我國境內形成體系，絕不允許在宗教領域形成對抗黨和政府勢力」等一系列指示而制定的行動方案。

文件不斷強調宗教對中共統治構成的威脅，要求提升對宗教的管控能力，鞏固黨的執政基礎，提高学校師生抵制宗教維護祖國統一和社會穩定的意識，確保師生思想穩定，鞏固社會主義教學陣地。要求教育機構利用校園廣播、電子顯示屏、微信群、QQ群等社交媒體開展全方位的立體式反宗教宣傳。

《寒冬》獲取其他省份同樣於今年4月下發的打擊涉外教會的機密文件，這些文件列出的打擊對象主要是美、韓在華教會，包括美國伯特利教會、改革宗長老會等。有的文件還提及，為了打擊這些教會，要利用中國的海外情報人員獲得教會相關信息。

國外的非宗教組織和個人同樣成為打壓對象。其中一份文件要求對外籍教師進行監控，對留學生也要加強監管。對涉外的組織、學術交流、活動等都要加強審查。與此同時，還要加大對國內非官方基督教組織的專項整治，官方基督教活動場所也要審查，查明他們是否使用國外的資金或其他資源。",禁言与政治迫害,4.0,https://zh.bitterwinter.org/new-orders-to-suppress-churches-with-ties-to-abroad/,,https://i.imgur.com/Et3uYcw.jpg,中共發對美反制行動文件打擊美在華基督教會　監控外籍師生
2020-06-16,"中共最新修订的中小学教材大幅增加政治内容，近日下令中小学今年9月必须使用最新修订教材，并下令大学要加强思想政治教育。海外学者认为，中共修改教材就是要继续欺骗，强化对国民洗脑。
中小学统编教材增加大量洗脑内容

在中共教育部的要求下，大陆中小学从今年9月开始必须使用《2020年义务教育国家课程教学用书目录》中的教材，尤其是道德与法治、语文、历史，要全部使用统编教材。对于未按规定执行的地方和学校，“要严肃处理，责令纠正”。",打击学术自由,4.0,https://www.epochtimes.com/gb/20/6/16/n12190316.htm,,https://i.imgur.com/mBwSGms.png,中共修改中小学教材 学者：强化红色洗脑
2020-05-30,中国诗人王藏2014年曾因举办诗歌朗诵会声援香港占中运动，而被中国政府关押9个月。他在5月30日再次被云南警方以“煽动颠覆罪”为由逮补关押，至今下落不明。他的妻子为了声援丈夫，在推特上发文呼吁各界关注王藏的案件。,禁言与政治迫害,4.0,https://www.dw.com/zh/%E4%B8%AD%E5%9B%BD%E8%AF%97%E4%BA%BA%E7%8E%8B%E8%97%8F%E5%9B%A0%E7%85%BD%E9%A2%A0%E7%BD%AA%E8%A2%AB%E6%8D%95-%E5%A6%BB%E5%B0%8F%E6%8E%A8%E7%89%B9%E5%8F%91%E6%96%87%E6%B1%82%E6%8F%B4/a-53756002,,https://i.imgur.com/udhiXQH.jpg,中国诗人王藏因“煽颠罪”被捕 妻小推特发文求援
2016-06-16,"中国政治犯关注：資訊更新——盧昱宇（CPPC編號：00400），“非新聞”創辦人。因常發敏感資訊，2016年6月16日被雲南警方拘捕，2017年8月被雲南大理市法院以“尋滋罪”判刑4年，二審駁回。2020年6月15日刑滿釋放。審訊時曾遭酷刑折磨；獄中患嚴重抑鬱症，曾因請求救治遭拒。此前在大理市監獄服刑。""",禁言与政治迫害,4.0,https://cppc1989.blogspot.com/2016/07/cppc00400.html,,,盧昱宇（CPPC編號：00400），“非新聞”創辦人。因常發敏感資訊，2016年6月16日被雲南警方拘捕，2017年8月被雲南大理市法院以“尋滋罪”判刑4年，二審駁回。
2020-03-05,〔中央社〕中國公民運動家、法律學者許志永2月因呼籲中共總書記習近平「讓位」被捕後，拍攝許志永紀錄片的中國導演陳家坪傳出3月初在北京被控「煽動顛覆國家政權」，遭指定居所監視居住。,禁言与政治迫害,4.0,https://news.ltn.com.tw/news/world/breakingnews/3132241,中國導演陳家坪傳出3月初在北京被控「煽動顛覆國家政權」，遭指定居所監視居住。（圖取自facebook.com/南方傻瓜关注群-1466849490028320）,https://i.imgur.com/hpLwEN4.jpg,拍攝許志永紀錄片 中國導演陳家坪被控煽動顛覆
2020-06-18,中國足球史上進球最多的國足郝海東批評中共政權。中國政府施壓後，他的兒子郝潤澤遭塞爾維亞球隊解僱。,禁言与政治迫害,3.0,https://zh.bitterwinter.org/the-ccps-vendetta-against-soccer-star-hao-haidong/,,https://i.imgur.com/h37cEGs.jpg,中共對足球名宿郝海東的惡意封殺波及其子
2020-06-14,"2020年4月4日清明節這一天，因為武漢肺炎疫情的原因，全國停止公共娛樂活動，連網絡遊戲也被禁止。一名17歲的高中生對此不滿，在網上抱怨死去的烈士耽誤自己玩遊戲，因此很快遭到當地警察傳喚，問他是「因為心情不好還是因為要反政府」。

「我的人生像抹了污點」，這位學生說，擔心他的言論將對他以後參軍、就業、出國產生長遠影響。",数字监控与审查,2.0,https://zh.bitterwinter.org/minors-summoned-by-police-punished-for-online-remarks/,,https://i.imgur.com/fNKRrUu.jpg,網絡言論審查令未成年人恐懼　中小學生因玩笑話被傳喚
2020-06-04,中国传奇球星郝海东6月4日在郭文贵平台疾呼“推翻中共”，宣布成立“新中国联邦”，几小时内遭全网封杀，郝海东的妻子、中国前著名羽毛球选手叶钊颖出镜配合。,禁言与政治迫害,5.0,https://www.bbc.com/zhongwen/simp/chinese-news-52949461,,https://i.imgur.com/pwFmQYx.png,中国传奇球星郝海东疾呼“推翻中共” 遭全网封杀
2020-06-16,印度陸軍16日表示，印度與中國部隊15日晚上在具爭議性邊界地帶爆發衝突後，印度官兵喪生人數已增至20人。印度陸軍在聲明中說，在1名軍官及2名士兵喪生後，又有17名官兵傷重不治。聲明中說，雙方在爆發衝突地區的部隊已分隔開。印度陸軍發言人稍早發表聲明指出：「昨天(週一)晚間發生一場暴力對峙，造成雙方人員傷亡。印度方面的人命損失包括1名軍官及2名士兵。」聲明又說：「雙方高階軍官正在開會以緩和局勢。」.,重大历史事件,5.0,https://www.rti.org.tw/news/view/id/2068393,,https://i.imgur.com/MXz44f6.jpg,[國際] 中印部隊邊界衝突 印度官兵增至20死
2020-06-20,中国湖北大学教师梁艳萍因在网络发“涉日”“涉港”等言论，被开除党籍。据湖北大学网站消息，该校20日召开党委常委会议，通报对文学院教师梁艳萍的处理情况。通报指，梁艳萍在社交网络平台上多次发布、转发“涉日”“涉港”等言论，严重违反党的政治纪律和政治规矩，违反教师职业道德规范。经审议，决定给予梁艳萍开除党籍处分。学校决定给予梁艳萍记过处分，取消其研究生导师资格，停止教学工作。,打击学术自由,3.0,https://www.zaobao.com/realtime/china/story20200620-1062664,,,湖北大学教师梁艳萍因发涉港等言论被除党籍
2020-06-24,繼許志永日前被批捕後，2019年12月「廈門聚會」另一要角、先前已被拘禁的知名維權律師丁家喜，隨後也被證實在19日正式被檢方下令批捕，目前被警方關押在山東省臨沭縣看守所。綜合自由亞洲電台、香港蘋果日報報導，丁家喜是依「煽動顛覆國家政權」罪嫌被批捕。家屬擔心，丁家喜可能會一如「709事件」不少被捕律師般地，被官方秘密審訊。,禁言与政治迫害,3.0,https://www.rti.org.tw/news/view/id/2069477,,https://i.imgur.com/0iVtlbz.jpg,[兩岸] 繼許志永後  同案維權律師丁家喜也遭批捕
2020-06-25,"中国国家网信办发布公告称，“新京报我们视频”因在冠病疫情报道中存在导向错误等问题，被官方禁言处置。（网信办官网）

《新京报》旗下微博账号“新京报我们视频”，据报因在冠病疫情报道中存在“导向错误”等问题，今天被官方禁言处置。",禁言与政治迫害,3.0,https://www.zaobao.com/realtime/china/story20200625-1063922,,https://i.imgur.com/CKyM7LB.png,《新京报》微博账号因疫情报道被官方禁言
2020-06-30,周二，中国通过了一项有关香港的争议法案，赋予当局打击反对北京势力的权力，这可能会加深中国与西方政府的裂痕，后者曾警告香港的自由受到侵蚀。,重大历史事件,5.0,https://cn.nytimes.com/china/20200630/china-hong-kong-security-law-rules/,,https://i.imgur.com/OMUWlnj.jpg,中国正式通过港版国安法
2020-06-17,6月17日，宁夏永川律师事务所的马万军律师因在微信群里转发信息，被警方以寻衅滋事为名义，先被行政拘留，后转为刑事拘留，至今已有20天。维权网已经证实了这一消息。河北律师卢廷阁、河南律师彭鹏等人亦发声呼吁关注马万军律师。,禁言与政治迫害,3.0,https://www.epochtimes.com/gb/20/7/6/n12237043.htm,,https://i.imgur.com/HdCgcJd.jpg,宁夏律师马万军微信群转发信息被刑拘
2020-07-06,"为深入学习贯彻以习近平同志为核心的党中央关于维护国家政治安全的决策部署,近日,平安中国建设协调小组政治安全专项组在京召开第一次会议,中央政法委副秘书长、政治安全专项组组长雷东生主持会议并讲话。",党团人事组织,4.0,https://web.archive.org/web/20200706231912/http://www.legaldaily.com.cn/index/content/2020-07/06/content_8237977.htm,,,平安中国建设协调小组政治安全专项组第一次会议召开
2020-07-06,曾数度发文针砭时政并批评中国国家主席习近平的北京清华大学教授许章润周一（7月6号）上午传出从家中被警察带走。20多个警察包围了许章润位于北京六环外的住所，十几个警察进入他家搜查，拿走了电脑等物品，然后也将许教授带走了。,打击学术自由,4.0,https://www.rfi.fr/cn/%E4%B8%AD%E5%9B%BD/20200706-%E6%B8%85%E5%8D%8E%E5%A4%A7%E5%AD%A6%E6%95%99%E6%8E%88%E8%AE%B8%E7%AB%A0%E6%B6%A6%E4%BC%A0%E9%81%AD%E8%AD%A6%E5%AF%9F%E5%B8%A6%E8%B5%B0,,,清华大学教授许章润传遭警察带走
2020-07-08,新浪微博以第三方公司利用其短链服务从事营销活动为由宣布实行外链白名单机制，白名单以外的网址不再支持跳转。进入白名单的网站主要为：政府网站（以 .gov.cn 、.gov.com 结尾）；正规媒体网站；各大门户网站；企业自主向微博平台申报确认后的正规网站。前三类由新浪微博自己添加，第四类则要申报。白名单机制将于 8 月初上线。,干预互联网市场,5.0,https://www.solidot.org/story?sid=64886,,https://i.imgur.com/25o5lBz.jpg,新浪微博实行外链白名单
2020-07-07,北京市住建委发布了《关于进一步加强本市公共租赁住房人脸识别技术应用管理的通知》，要求新公租房同步建人脸识别系统。通知提出，公租房项目开发建设单位是人脸识别系统建设安装第一责任主体，负责将人脸识别系统纳入项目的整体规划设计方案，与工程项目同步安排、同步交用。,数字监控与审查,4.0,https://web.archive.org/web/20200708153231/http://www.xinhuanet.com/politics/2020-07/07/c_1126204143.htm,,https://i.imgur.com/jRdCfct.jpg,北京要求新公租房建人脸识别系统
2019-09-03,习近平在中央党校（国家行政学院）中青年干部培训班开班式上发表重要讲话强调，发扬斗争精神增强斗争本领，为实现“两个一百年”奋斗目标而顽强奋斗。王沪宁出席。,党团人事组织,5.0,https://web.archive.org/web/20200709211244/http://www.12371.cn/2019/09/03/ARTI1567501830214484.shtml,,,习近平在中央党校（国家行政学院）中青年干部培训班开班式上发表斗争论
2020-07-10,中央政法委日前对外宣称，准备推动一场形同上世纪四十年代“延安整风”的内部整顿。未来3个月会开展试点，明年起逐级在全国政法系统铺开，目标是要在2022年第一季度，也就是中共二十大之前完成整顿任务。周四，中国公安部率先公布，会用上1年半时间教育整顿全国公安机关，重提坚决彻底肃清周永康流毒，以及搞人身依附和小圈子的人。,党团人事组织,4.0,https://www.rfa.org/mandarin/yataibaodao/zhengzhi/gf-07102020083122.html,,,政法委重提周永康 新一轮“延安整风”启动大清洗
2020-07-13,（中央社台北13日電）中國推動社會信用體系，出現混淆「道德、徵信、誠信」及官方濫用獎懲的情況。官媒指出，目前社會上對信用體系出現的質疑，已經引起主管部門高度關注。,数字监控与审查,3.0,https://www.cna.com.tw/news/acn/202007130286.aspx,,,中國社會信用體系遭濫用 官媒：管太多民眾質疑
2019-06-09,（维权网信息中心报道）2020年7月14日，本网获悉：江苏连云港公民王洪全、唐云立与李赫德因在香港开办媒体报道负面大陆新闻于2019年5月遭警方刑事拘留，后被批捕、起诉，于2020年6月9日被连云港赣榆区法院均以寻衅滋事罪判刑，王洪全被判1年6个月，刑期至2020年11月13日。唐云立被判1年1个月，刑期至2020年6月20日，现已获释。李赫德判1年缓刑1年。,禁言与政治迫害,2.0,https://wqw2010.blogspot.com/2020/07/161111.html,,https://i.imgur.com/UOEv3oT.png,江苏连云港公民王洪全、唐云立与李赫德因在香港开办媒体报道负面大陆新闻而被判刑 王洪全被判1年6个月、唐云立被判1年1个月、李赫德判1年缓刑1年
2020-07-13,星期日获释的内地法律学者许章润，接受本台查询时表示，已经被清华大学法学院，革除教职和开除公职。近年多次公开批评政府的许章润，被指在四川嫖娼，遭公安从北京寓所带走一星期。他接受本台查询时表示，清华大学以「道德败坏」为由作出处分，他表示不会就有关决定追究校方，会承受、领受一切惩罚，对将来亦未有任何打算。,禁言与政治迫害,4.0,https://news.rthk.hk/rthk/ch/component/k2/1537549-20200714.htm,,https://i.imgur.com/0kxhvTj.jpg,许章润指已被清华法学院革除教职　理由为“道德败坏”
2020-07-12,7月12日，美国华人学者韩连潮在推特发出的图文中，有网友发于6月3日的微信截图显示：“我儿子在中央电视台，他们已接到通知，不许再宣传李克强。特别是与记者的讲话。”网友还说：“各地党媒已收到上面正式的新闻提示，不宣传李中堂了。”“少数反应慢或审稿审片不认真（惯性）的媒体头头已挨批。”,宣传平台及运动,2.0,https://cn.secretchina.com/news/gb/2020/07/14/939614.html,有网友曝称党媒收到通知不许宣传李克强。,https://i.imgur.com/M34bsC4.jpg,网曝党媒收到指示少报李克强
2020-07-16,中国知名的教育培训机构新东方的一名教师王某在网课上发表涉嫌抗美援朝的言论，被新东方辞退。视频截图显示，王某在视频直播中说：“我们历史上啊，唯一一次被全世界公认的侵略战争，是我们所知道的抗美援朝战争。”,打击学术自由,2.0,https://www.zaobao.com/realtime/china/story20200716-1069651,,,新东方讲师因网课发表涉抗美援朝观点被解约
2020-07-16,中国和伊朗正在努力达成一份长达25年的全面合作协议，加强两国在经贸、能源和安全领域的全方位合作。由于伊朗正遭受美国的严厉制裁，该协议可能意味着中美两国的关系继续恶化。,重大历史事件,5.0,http://www.bbc.com/zhongwen/simp/business-53419354,,https://i.imgur.com/o87DbIy.jpg,中国和伊朗拟签25年全面合作协议为何引发外界震动
2020-07-20,习近平外交思想研究中心成立仪式在北京举行,宣传平台及运动,3.0,https://www.fmprc.gov.cn/web/wjbzhd/t1799008.shtml,,,习近平外交思想研究中心成立仪式在北京举行
2020-07-18,（维权网信息中心报道）2020年7月18日，本网获悉：中国跳水运动世界冠军劳丽诗因其言论于日前遭新浪微博封号一年。,禁言与政治迫害,2.0,http://wqw2010.blogspot.com/2020/07/blog-post_50.html,劳丽诗微博截图,https://i.imgur.com/Tsmzq5G.jpeg,中国跳水运动世界冠军劳丽诗因言论遭新浪微博封号一年
2020-07-21,美国国务院星期三证实已经下令中国关闭驻休斯顿领事馆。多家媒体报道，国务院发言人奥特加斯(Morgan Ortagus)在一份电子邮件声明中说：“我们已经下令关闭中国驻休斯顿总领事馆，以保护美国的知识产权和美国人的私人信息。”,重大历史事件,5.0,https://www.voachinese.com/a/US-Confirms-Chinese-Consulate-In-Houston-To-Be-Closed-In-72-Hours-20200722/5512735.html,,,美国务院证实：限中方72小时内关闭驻休斯顿总领馆
2020-07-24,[國際] 中國命美駐成都領事館關閉 白宮籲勿以牙還牙——白宮在美東時間24日籲請中國，不要採取「以牙還牙的報復手段」，為了美方下令中國駐休士頓總領事館關閉，而對美國駐成都總領事館採取相同作法。白宮國家安全會議發言人尤約特(John Ullyot)說：「我們命令中華人民共和國駐休士頓總事館關閉的行動，是為了保護美國人民的智慧財產和個人資訊。我們籲請中國共產黨停止這些惡意行動，不要採取以牙還牙的報復手段。」......more,重大历史事件,5.0,https://www.rti.org.tw/news/view/id/2073414,,,[國際] 中國命美駐成都領事館關閉 白宮籲勿以牙還牙
2020-07-23,习近平致信祝贺中国少年先锋队第八次全国代表大会召开 强调传承红色基因培育时代新人 团结教育引领广大少先队员做共产主义事业接班人,党团人事组织,4.0,https://cn.govopendata.com/xinwenlianbo/20200723/#168982,,,习近平致信祝贺中国少年先锋队第八次全国代表大会召开 强调传承红色基因培育时代新人 团结教育引领广大少先队员做共产主义事业接班人
2020-07-31,路透北京7月31日 - 中国国家主席习近平表示，中国安全形势不确定性不稳定性增大，“强国必须强军，军强才能国安”，当前和今后一个时期是国防和军队现代化建设的关键时期，要奋力推进国防和军队现代化建设。    新华周五刊登他昨日下午主持中共中央政治局就加强国防和军队现代化建设举行集体学习时的讲话并称，必须统筹发展和安全、富国和强军，“确保国防和军队现代化进程同国家现代化进程相适应，军事能力同国家战略需求相适应”。    “当前，世界百年未有之大变局加速演进，新冠肺炎疫情对国际格局产生深刻影响，我国安全形势不确定性不稳定性增大，”习近平称。,党团人事组织,5.0,https://cn.reuters.com/article/xi-jinping-china-economy-military-0731-idCNKCS24W1L0,,,习近平称中国安全形势不确定性不稳定性增大 “强国必须强军”
2020-07-31,港媒報導，北京清華大學法學院前教授許章潤6日被控嫖娼遭拘留，他獲釋後已委託兩名律師莫少平、尚寶軍進行平反。北京警方30日派國保人員前往關切，要求律師不要與境外媒體多作談論，以免被炒作。,禁言与政治迫害,3.0,https://www.rti.org.tw/news/view/id/2074221,,https://i.imgur.com/PmCevdy.jpg,許章潤被控嫖娼委託律師平反 引發北京國保關切
2020-07-31,台湾前总统李登辉逝世，终年98岁,重大历史事件,5.0,http://www.bbc.com/zhongwen/simp/chinese-news-53603180,,,台湾前总统李登辉逝世，终年98岁
2020-07-24,"中国国家网信办本周四（23日）通报，二季度,全国网信系统查处网上各类违法违规行为。累计约谈网站1009家,对1100家网站给予警告,暂停更新网站281家,关闭违法网站2686家,移送司法机关相关案件线索1226件;关闭各类违法违规账号群组3.1万个。",干预互联网市场,5.0,https://www.rfa.org/mandarin/yataibaodao/meiti/ql1-07242020062431.html,,https://i.imgur.com/FX6GLKd.jpeg,中国二季度关闭两千多家网站  再掀大规模网络整治风暴
2020-07-23,（德国之声中文网）中国最高网络审查机构计划发起一轮新的整治行动，以加强对社交媒体的管控，发布独立新闻的账号将首当其冲。  中国国家互联网信息办公室（ The Cyberspace Administration of China ) 周三在其官方网站上发表通告称，本次整治行动的重点将是“商业网站平台、手机浏览器、‘自媒体’违规采编发布互联网新闻信息、转载非合规稿源问题” 。,干预互联网市场,5.0,https://www.dw.com/zh/“重拳利剑” - 中国开启新一轮网络整治/a-54297667,,https://i.imgur.com/LMsL5L5.jpg,“重拳利剑” - 中国开启新一轮网络整治
2020-08-09,美国卫生及公共服务部部长阿扎尔（Alex Azar) 已于台北时间星期天（8月9日）率团抵达台湾。他是40年来访问台湾的最高级别美国政府官员。中国则谴责阿扎尔的访台并向美国提出抗议。  阿扎尔搭乘专机于星期天下午抵达台北松山机场。这架美国行政专机的机身上漆有美国国旗，显示着这次访问的高规格。台湾外交部政务次长田中光以及美国在台协会处长郦英杰（Brent Christensen) 等美台官员前往接机。台湾各界高度重视阿扎尔的来访，台湾媒体还全程转播阿扎尔专机抵达和迎接他的画面。美国卫生及公共服务部在阿扎尔到达台北后发布了新闻稿。,重大历史事件,5.0,https://www.voachinese.com/a/5536582.html,美国卫生部长阿扎尔抵达台北8月9日,https://i.imgur.com/An09tqZ.jpg,美国卫生部长阿扎尔率团高规格抵达台湾访问
2020-08-16,中国异议人士徐昆，去年因在推特转发逾千条声援香港“反送中”推文，被控“寻衅滋事罪”。该案本周日（8月16日）在昆明法院未公开审理，其妻子周一对本台说，辩护律师为徐昆作无罪辩护，庭审仅10分钟，法官就宣布休庭，择日再审。,禁言与政治迫害,2.0,https://www.rfa.org/mandarin/yataibaodao/renquanfazhi/ql2-08172020094054.html,,https://i.imgur.com/0R4osF1.jpg,发推文逾千条支持香港“反送中” 徐昆不公开审理开庭仅10分钟
2020-08-17,中共中央党校宣布，该校退休教师蔡霞发表有严重政治问题和损害国家声誉的言论，中央党校决定开除蔡霞的中共党籍，取消其享受的相关退休待遇。  蔡霞曾任中央党校党建教研部教授，被认为是自由派知识分子，曾为绰号“任大炮”的任志强等敢言人士鸣不平。,禁言与政治迫害,4.0,https://www.zaobao.com/realtime/china/story20200817-1077665,,,蔡霞被开除中共党籍 消息：新旧账一起算
2020-08-21,曾被控“煽动颠覆国家政权”的湖南人权律师谢阳近日遭当局吊销律师执业证，理由是他在代理案件时，扰乱法庭秩序。谢阳认为，当局的决定违法且程序不当，担心会开启坏的先例，使律师失去重要的权益保障。 5年前，湖南律师谢阳因涉嫌“煽动颠覆国家政权”等罪名被捕。,禁言与政治迫害,3.0,https://www.rfa.org/mandarin/yataibaodao/renquanfazhi/gf-08212020080345.html,,https://i.imgur.com/Po5ii5h.jpg,709涉案人权律师谢阳遭“除牌”   当局一锤定音创下恶例
2020-08-13,（维权网信息中心报道）2020年8月13日，本网获悉709系列苏州908大抓捕全部判决，现通报如下：  戈觉平“煽动颠覆国家政权”被判有期徒刑四年六个月刑期至2021年8月4日 （现羁押在苏州第一看守所），  吴其和“寻衅滋事”被判有期徒刑三年八个月刑期至2020年8月8日已刑满出狱，  陆国英“寻衅滋事”被判有期徒刑一年缓刑一年半，   王明贤“寻衅滋事”被判有期徒刑一年缓刑一年半，   邢介忠“寻衅滋事”被判有期徒刑十个月缓刑一年三个月，  徐春玲“寻衅滋事”被判有期徒刑十个月缓刑一年三个月，  朱雪英“寻衅滋事”被判有期徒刑九个月监视居住二个月折一个月，刑期至2021年3月29日（现羁押在苏州第四看守所），  王婉平“寻衅滋事”被判有期徒刑九个月缓刑一年，  倪金方“寻衅滋事”被判拘役二个月，刑期...,禁言与政治迫害,5.0,https://wqw2010.blogspot.com/2020/08/709908.html,,,709系列苏州908大抓捕判决通报
2020-08-21,遭北京清华大学法学院解聘的前教授许章润，日前传已获美国哈佛大学费正清中国研究中心的聘书，邀请他前往担任研究学者，为期一年。但有许章润的朋友透露，许章润上周再度被北京的国保人员约谈，其后就被知会要实施四则禁令，禁止离开北京及出境，禁止接受传媒访问，亦禁止接受任何资助。,禁言与政治迫害,4.0,http://www.rfi.fr//cn/中国/20200821-许章润速遭国保约谈-受4禁全面封杀,,https://i.imgur.com/5CH7oIK.png,许章润速遭国保约谈 受4禁全面封杀
2020-08-31,（维权网信息中心报道）2020年8月31日，本文获悉：上海人权捍卫者张展案情进展通报：上海检察院不准代理律师合法阅卷。,禁言与政治迫害,2.0,https://wqw2010.blogspot.com/2020/08/blog-post_69.html,,https://i.imgur.com/RQmc54B.jpg,上海人权捍卫者、公民记者张展案情进展通报：上海检察院不准代理律师合法阅卷
2020-08-26,中国当局8月23日关闭掉境内唯一蒙文社交媒体平台“Bainu”（蒙文的意思是：“你好吗？”），禁止蒙古族人讨论当局将在小学推行“双语教学”的议题。教师和学生家长对当局剥夺蒙古族人最后民族身份的象征“蒙古语”表示不满，并号召人们本月底到政府所在地举行抗议示威。,文化文艺娱乐,4.0,https://www.voachinese.com/a/social-media-crackdown-intensifies-as-southern-mongolian-protests-escalate-20200826/5558479.html,,,反对扼杀蒙古人语言 中国唯一蒙文社交媒体平台Bainu被封
2020-08-31,据人权组织称，中国北部数千名蒙古族人聚集在学校外面抗议一项新政策，该政策将减少使用他们的民族语言教学，而是更多地使用汉语，这是该边境地区大规模不满情绪的一次罕见表现。,文化文艺娱乐,5.0,https://cn.nytimes.com/china/20200901/china-protest-mongolian-language-schools/,图为内蒙古的一所学校测温度。,https://i.imgur.com/ENDyAA0.jpg,中国在内蒙古推汉语教学引发抗议
2020-08-18,一群华人留学生近日成立青年宪政会，以推动中国民主事业。这个团体的几名成员周二向本台透露，由于他们在海外参与的活动，他们国内的家人近期被国保谈话。但这些成员同时表示，他们的立场不会因此而动摇。,禁言与政治迫害,2.0,https://www.rfa.org/mandarin/yataibaodao/zhengzhi/hc-08182020152842.html,,,欲推动中国民主  青宪会成员家长被谈话
2020-09-04,豆瓣读书被要求整改——豆瓣读书发表整改声明，称按网信办要求将在未来一个月内暂停部分功能并进行内部整改。整改期间，图书条目的创建、评分、评论功能将暂停使用。这次整改将从 9 月 4 日 24 时开始，到 10 月 3 日 24 时结束。暂时不清楚是什么导致了整改。,干预互联网市场,4.0,https://www.solidot.org/story?sid=65448,,,豆瓣读书被要求整改
2020-09-04,美国《洛杉矶时报》9月3日报道指，该报一名记者近日在前往中国内蒙古自治区采访由当局统编教材改革所引发的民众抗议事件期间遭到扣留，并有警员一度勒住她的喉咙，之后在被拘押4个多小时后被从内蒙古驱离。,禁言与政治迫害,3.0,http://www.rfi.fr//cn/中国/20200904-采访内蒙统编教材事件-洛杉矶时报-记者遭扣留后驱离,,https://i.imgur.com/wH045ST.jpg,采访内蒙统编教材事件《洛杉矶时报》记者遭扣留后驱离
2020-09-04,苏州推出文明码——苏州在全国率先推出了文明码，表示这是“市域电子身份认证体系”的重要组成部分，可以展示交通违法行为扣减文明交通指数分值、志愿者注册及参与活动积分，并可作为警示和惩戒综合文明指数低于下限人员的电子凭证以及外来人口积分入户志愿服务电子凭证。文明码由文明交通指数和文明志愿指数构成，未来会加入更多文明指数。其中交通文明指数的计分周期为一年，周期届满后重新计分。扣分由个人交通违法行为处罚记录产生，例如机动车闯红灯扣 50 分，酒后驾驶扣 100 分。加分则由参加交通志愿执勤活动产生，每参加一次交通志愿执勤，可获得固定加分。,数字监控与审查,3.0,https://www.solidot.org/story?sid=65447,,https://i.imgur.com/CemwwD5.jpeg,苏州推出文明码
2020-09-03,中国屏蔽 MIT Scratch 语言项目，限制使用 Scratch 语言——根据 MIT Scratch 语言项目论坛上的讨论，中国屏蔽了 Scratch 项目。而根据社交网络上的截图，政府还发出通知限制使用 Scratch 编程语言。,数字监控与审查,2.0,https://www.solidot.org/story?sid=65436,,https://i.imgur.com/Dc3osuT.jpg,中国屏蔽 MIT Scratch 语言项目，限制使用 Scratch 语言
2020-09-04,从2020年初截止到目前，浙江省因“翻墙”被行政处罚的个人已达57人；这一数据在2019年为5人；在2018及更早年份，则无人因此被罚。有分析认为，这反映了中共将审查制度延伸至海外，美国的净网计划应对此采取行动。,数字监控与审查,4.0,https://www.epochtimes.com/gb/20/9/4/n12381691.htm,,https://i.imgur.com/TOQc0f3.png,浙江“翻墙”被罚人数剧增 分析：审查出海
2020-09-08,（中央社記者邱國強北京8日電）被中共官方停刊達19年的知名左派刊物「中流」，8月底以電子版「中流叢刊」名義復刊，引起側目。外界認為，這類左派刊物能復刊除了有「土壤」，是否得到默許也令人推敲。    至於是否進一步讓紙本雜誌復刊，「中流」編輯部表示，紙本雜誌將待「條件成熟後適時推出」，並指電子版的復刊，已獲得包括知名左派學者孔慶東等人的支持和祝賀。,宣传平台及运动,4.0,https://www.cna.com.tw/news/acn/202009080263.aspx,,https://imgcdn.cna.com.tw/www/website/img/error.svg,中國左派刊物中流被停19年復刊 引起側目
2020-09-09,前清华大学教授、因批评中共而一度遭到当局关押的许章润说，他的艺术家好友耿潇男星期三（9月9日）失联，可能已被中国当局抓捕。,禁言与政治迫害,3.0,https://www.voachinese.com/a/xiao-gennan-missing-xu-zhangrun-20200909/5577364.html,耿潇男(耿潇男微博图片),https://i.imgur.com/idJ5Wn8.jpeg,许章润：耿潇男9月9日失联，可能被抓捕
2020-09-11,曾曝光腾格里沙漠排污，不“消停”的李根山等多位环保人士被拘留—— 宁夏中卫市公安局沙坡头区分局周三（9月9日）发布公告称，知名环保志愿者李根山等人因“寻衅滋事”等罪名被当地警方拘留。截至周五（9月11日），公安局再次公告称，又有6名涉案嫌疑人被捕。   公告说，李根山、张保其、牛海波等人涉嫌犯罪案件。,禁言与政治迫害,2.0,https://www.voachinese.com/a/Three-Chinese-wildlife-conservation-activists-detained-in-northwest-China-for-picking-quarrels-20200911/5580034.html,,,曾曝光腾格里沙漠排污，不“消停”的李根山等多位环保人士被拘留
2020-09-11,中共黨媒人民日報日前拒登美國駐中國大使投書，再度引發兩國外交論戰。美國駐中國大使館微博下午刊登了這篇專文的中文全文，並呼籲中共當局尊重西方外交官直接與中國人民對話的權利。,数字监控与审查,4.0,https://www.cna.com.tw/news/acn/202009110241.aspx,（擷取自美國駐中國大使館官方微博）中央社　109年9月11日,https://i.imgur.com/swy0zzA.jpeg,美駐中大使投書人民日報遭拒  微博刊全文又被刪
2020-09-11,因言获罪的华远集团前董事长任志强，被控贪污受贿、挪用公款等四项罪名一案，在北京市二中院开庭。包括美国、欧盟、澳洲、日本等西方多国驻华使馆曾申请到法院旁听，但被当局以“防疫”为由而被拒。任志强今年3月初一篇标题为《剥光衣服坚持当皇帝的小丑》的私人撰文，不慎在网络上广泛流传，明显是在炮轰习近平和中共当局专断独裁、压制舆论，封锁致命性新闻，而导致新冠病毒疫情在中国大爆发，给全世界造成至今难以修复的大祸害。 ,禁言与政治迫害,4.0,https://www.rfa.org/mandarin/yataibaodao/renquanfazhi/ql-09112020060450.html,,,任志强案开审北京戒备森严审 任拒绝认罪坚持自辩
2020-09-10,曾经公开声援清华大学前教授许章润的北京文化人耿潇男和丈夫，本周三被北京海淀区公安带走，并以涉嫌“非法经营罪”刑事拘留。知情人士说，耿潇男经营的公司多名员工早在本周一就警察带走调查。 ,禁言与政治迫害,3.0,https://www.rfa.org/mandarin/yataibaodao/renquanfazhi/ql1-09102020061919.html,,https://i.imgur.com/a4ayIur.jpeg,曾声援许章润的出版人耿潇男夫妇  涉“非法经营罪”被刑拘
2020-09-14,中国内蒙古各地政府继续在全力阻挠蒙古族抗争。过去两天，克什克腾旗、翁牛特旗、巴林右旗等旗县政府出台各种措施，并以威胁的手段胁迫蒙古族人送子女入学接受所谓的双语教育，更有警察半夜入室抢学生。内蒙维权人士杨金都丽玛和丈夫因提倡母语教学而被捕，另有12人也遭抓捕。 内蒙当局今年9月1日起在民族学校推行汉语教学，引起海内外蒙古人大规模抗议。,禁言与政治迫害,3.0,https://www.rfa.org/mandarin/yataibaodao/shaoshuminzu/ql1-09142020080724.html,,https://i.imgur.com/dnZbT7t.jpeg,警察凌晨入室抓蒙古族学生  十余名牧民抵制双语教育被捕
2020-09-16,据朝鲜日报报道，中国继内蒙古之后也缩小朝鲜族民族语言教育。近日，中国内蒙古自治区教育局宣布加强汉语教育，遭到了当地少数民族蒙古族的抗议。与此同时，中国朝鲜族学校也从本学期开始用中国的统编教材代替语文教材，在朝鲜族社会引起了骚动。有舆论担忧，随着中国政府强调“民族团结教育”，朝鲜语教育可能会萎缩。而自9月新学期开始，辽宁省等中国东北地区的部分朝鲜族小学和初中将使用中国人民教育出版社编写的《语文》教材代替延边教育出版社编写的《汉语》教材。而此前，中国少数民族学校一直用少数民族语言编写教材。  ,文化文艺娱乐,4.0,http://www.rfi.fr//cn/中国/20200916-韩媒指中国官方在朝鲜族也缩小民族语言教育,,https://i.imgur.com/o9sslEd.png,韩媒指中国官方在朝鲜族也缩小民族语言教育
2020-09-16,面对日益增长的外部风险和美国的压力，中共要求民营企业更加紧密地团结在自己的周围。  中国官媒新华社在周二晚间发表了一份中共文件，要求加强对民营企业的统战工作和思想政治工作，引导他们“做政治上的明白人”。  在这份题为“关于加强新时代民营经济统战工作的意见”的文件中，中共中央表示，“民营经济人士作为我们自己人，始终是我们党长期执政必须团结和依靠的重要力量。”  文件提出，统战工作要面向所有民企和民营经济人士，包括民企主要出资人、实际控制人、持有股份的主要经营者、大股东、和在中国大陆投资的港澳工商界人士、有代表性的个体工商户。但文件没有提到台商和外商。  ,党团人事组织,5.0,https://www.voachinese.com/a/china-communist-party-demands-private-sector-loyalty-external-risks-rise-20200916/5585697.html,,,中共发文件对民企进行统战，要他们做政治上的“明白人”
2020-09-17,中国“709案”李和平律师的妻子王峭岭9月17日原计划出席美国驻华大使馆在京举行的庆祝宪法日活动，当天下午离开住所后一度与外界失联，亦未出现在活动现场，后引发其他多名709家属通过互联网的呼吁和关注。,禁言与政治迫害,2.0,http://www.rfi.fr//cn/中国/20200918-709家属王峭岭拟出席美使馆活动一度失联后获释,,https://i.imgur.com/mwij4SL.jpg,709家属王峭岭拟出席美使馆活动一度失联后获释
2018-01-19,本周五早晨，曾经为多名被捕人权律师进行代理辩护的维权律师余文生在送孩子上学时被警方拘捕。本周早些时候，中国当局吊销了余文生的律师执照，并且拒绝为其签发护照。而就在被捕前一天，余文生还公开呼吁修改宪法。,禁言与政治迫害,3.0,https://www.dw.com/zh/%E7%BB%B4%E6%9D%83%E5%BE%8B%E5%B8%88%E4%BD%99%E6%96%87%E7%94%9F%E8%A2%AB%E6%8D%95-%E6%9B%BE%E5%91%BC%E5%90%81%E4%BF%AE%E5%AE%AA/a-42214517,,,维权律师余文生被捕 曾呼吁修宪
2020-09-17,美国国务院次卿基斯·克拉奇（Keith Krach）17日率团抵台，预计将在周六(19日)出席台湾前总统李登辉的追思礼拜。两周前美国国务院曾传出克拉奇将主持美台双边经济暨商业对话，不过，台湾外交部长吴钊燮受访时表示，双方积极筹备中，从未停止。但克拉奇此行就是参加李登辉的追思会。克拉奇也成为41年来美国国务院访台层级最高的官员。克拉奇(台译：柯拉克)的专机17日下午5点20分左右抵达台北松山机场，包括美国在台协会台北办事处长郦英杰、台湾外交部次长曾厚仁与北美司长徐佑典都有到场接机。 ,重大历史事件,5.0,https://www.rfa.org/mandarin/yataibaodao/gangtai/hcm1-09172020060100.html,,,美国次卿抵台   断交以来访台最高层国务院官员
2019-12-24,中共政權對教育隊伍意識形態採取嚴厲的審查和管控措施，以確保遵循黨的路線。  中共長期採取嚴厲措施，以確保全國中小學和高校教師對其絕對忠誠，並確保教師儘可能少地受民主、宗教甚至異議思想的影響。習近平2013年上台後，許多教育工作者因「不當言論」及其他「意識形態方面的問題」遭到處罰，審查和管控力度不斷加強。  這些措施包括對教師的出行嚴加限制，那些出國的教師每次回國都被要求上交護照，未經批准禁止離境，甚至不能去香港、澳門和台灣度假。不從者將受到處罰，甚至有可能因此丟掉工作。  2019年12月，浙江省瑞安市教育局公開通報處罰當地的3名教師，指他們擅自出國（境）或未按審批時間出國（境）。,党团人事组织,,https://zh.bitterwinter.org/teachers-denied-freedom-of-speech-and-religion/, 瑞安市教育局對3名教師的處理通告（網站截圖）,https://i.imgur.com/WXt4eb4.jpg,人身、思想均無自由　中共嚴加管控下的中國教師處境如何
2020-09-21,公民记者张展涉嫌“寻衅滋事罪”一案，已进入法官审理程序。张展新委托的辩护律师闻宇披露，他接到上海市浦东新区检察院通知，张展案已移送该区法院。闻宇会见张展的机会，再度被押后。中国人权律师团就此发表声明，谴责当局借故迫害张展。   ,禁言与政治迫害,3.0,https://www.rfa.org/mandarin/yataibaodao/WUL0921A-09212020040701.html,,,张展案移送法院起诉    中国人权律师团发声明谴责当局
2020-09-22,"华盛顿智库詹姆斯敦基金会（Jamestown Foundation）9月22日刊登了德国新疆问题专家郑国恩(Adrian Zenz)撰写的报告，题目为《新疆军事化职业培训系统来到西藏》（Xinjiang’s System of Militarized Vocational Training Comes to Tibet）。

报告说，西藏自治区2019年和2020年开始借鉴新疆模式，对藏区“剩余劳动力”进行大规模系统化的“军旅式培训”。仅2020年前7个月，西藏就通过这项政策在全区范围内培训了50多万农牧区“剩余劳动力”，并将这些人送往西藏自治区其他地区和以及中国的其它省份从事劳动。",文化文艺娱乐,5.0,https://www.voachinese.com/a/report-on-xinjiang-sytle-militarized-labor-training-program-in-tibet-20200922/5593879.html,,https://i.imgur.com/44K3jQh.jpeg,报告：北京采用新疆模式对藏民进行军事化职业培训
2020-09-21,周二，中国一家法院以腐败罪名判处一名直言不讳的中国地产大亨入狱18年，这名大亨曾谴责中国共产党领导人习近平。北京这家法法院称，任志强利用此前的职务之便收受贿赂、贪污公款，并且指控其非法获利1941万余元。但任志强的支持者确信，这一重刑是对他尖锐批评习近平的惩罚。 ,禁言与政治迫害,5.0,https://cn.nytimes.com/china/20200922/china-ren-zhiqiang-tycoon/,,https://i.imgur.com/i08iPxr.jpg,任志强被重判18年监禁，中共加强打压异议
2020-09-26,中共篡改《福音書》：耶穌竟「砸死」行淫時被抓的婦人——  中國教科書上呈現給學生的《約翰福音》第8章的故事情節是主耶穌等法利賽人退去之後，自己用石頭砸死了那個行淫的婦人。  作者：馬西莫·英特羅維吉（Massimo Introvigne,打击学术自由,2.0,https://zh.bitterwinter.org/ccp-rewriting-the-gospel-jesus-actually-killed-the-woman-taken-in-adultery/,,https://i.imgur.com/1XIZinB.jpg,中共篡改《福音書》：耶穌竟「砸死」行淫時被抓的婦人
2020-10-02,因在中国出售境外宗教书籍而被捕的网上书店「小麦书房」负责人张小麦（原名陈煜），在羁押一年后，以非法经营罪判刑7年，罚款及退赔共40万元人民币(下同，折合约5万欧元)和没收近1.3万本书籍。网民看后大呼判刑太重，现时未知张小麦会否上诉。     ,禁言与政治迫害,3.0,http://www.rfi.fr//cn/中国/20201002-网上出售外地宗教书籍-张小麦判囚7年,,https://s.rfi.fr/media/display/51ed7e7c-047f-11eb-97cd-005056bf87d6/w:310/p:16x9/2.10 陳煜因銷售基督教書籍而被判入獄7年(網絡).jpg,网上出售外地宗教书籍 张小麦判囚7年
2020-10-07,内蒙古维权律师胡宝龙曾参与反对当地推行“双语教育”活动，作为一名孩子的父亲，他不久前曾拒绝送孩子上课，表达对内蒙古全面实行汉语教学的不满。三周前，胡宝龙被通辽市警方刑事拘留，现被检察院批捕。,禁言与政治迫害,2.0,https://www.rfa.org/mandarin/yataibaodao/shaoshuminzu/ql2-10072020074458.html,,,反对“双语教育”蒙古族律师胡宝龙被捕
2020-10-19,中国对境内基督和天主教的管制全面强化。对华援助协会（China Aid）10月11日说，就连中国官方认可的“中国基督教协会”和“中国基督教三自爱国运动委员会”，也无法正常销售某些非官方宗教书籍。无论书籍封面，还是商品介绍内容，“基督”二字都被改为“JD”，或直接把“基督”二字抹去。JD显然是基督汉语拼音Ji Du的缩写，与此类似，书讯中的“YS”代表“耶稣YS”，“SJ”代表“圣经”，“神”、“主”等字眼则被图标或色块遮盖。对华援助机构还说，中国2018年3月30日起，全网下架所有圣经销售，淘宝、京东、当当网、亚马逊那里一本圣经也买不到，基督教书籍陆续被封杀、店铺被销户。,禁言与政治迫害,3.0,https://www.voachinese.com/a/religions-china-curn-10192020/5626837.html,,https://images.weserv.nl/?url=gdb.voanews.com/70DD4AEE-BBAD-4A47-8263-16345EF461B5_r1_s_w900.jpg,基督被缩写成“JD” 宗教信仰在中国被迫“跟党走”
2020-11-03,"中国将为新文科建设作出全面部署。有观察者分析，此举显示中共决策层谋划已久的宣传（意识形态领域）改革已经在五中全会后开启，而“第一刀”极有可能是从教育开始调整。

据中国教育在线网站报道，中国的《新文科建设宣言》今天（3日）在中国教育部新文科建设工作组主办的工作会议上发布。",宣传平台及运动,3.0,https://www.zaobao.com/realtime/china/story20201103-1098018,,,中国将为新文科建设作部署
2020-11-05, 中共近期派出中央督察组赴地方省市，督察“中国共产党政法工作条例”的贯彻落实情况，首要就是加强党对政法系统的绝对领导，确保党中央的意志在各地各部门得到具体实现。官方报告，这次督察工作由中央政法委牵头，中央组织部、中央政法各单位等参加，组成6个中央督察组，由部级领导干部带队，分赴山西、辽宁、江苏、湖南、贵州、甘肃6省开展督察。 ,党团人事组织,4.0,http://www.rfi.fr//cn/中国/20201105-中央督察政法落实党的绝对领导,,https://s.rfi.fr/media/display/7bc6f324-1f76-11eb-8585-005056a98db9/w:310/p:16x9/zf.png,中央督察政法落实党的绝对领导
2020-11-05,根据中共中央组织部近日印发“关于改进推动高质量发展的政绩考核的通知”，“维护习近平党中央的核心、全党的核心地位；维护党中央权威和集中统一领导。”将成为中国官员政绩考核第一项考核指标。 ,党团人事组织,4.0,http://www.rfi.fr//cn/中国/20201105-党中央公告改进政绩考核-首项指标维护习核心,,https://s.rfi.fr/media/display/a2c6c696-15dd-11ea-b860-005056a99247/w:310/p:16x9/hx.jpg,党中央公告改进政绩考核 首项指标维护习核心
2020-11-05,网信办整顿有偿删帖、移动应用内容和社区问答——国家网信办宣布了多项专项整治运动：为期两个月的“有偿删帖”问题和“软色情”信息专项整治行动，为期 45 天的移动应用程序信息内容乱象专项整治，”深入推进“知识社区问答”行业规范管理。截至目前，相关平台累计清理各类违法违规信息 38.4 万余条，处置违法违规账号 8400 余个,干预互联网市场,4.0,https://www.solidot.org/story?sid=66013,,https://img.solidot.org//0/446/liiLIZF8Uh6yM.jpg,网信办整顿有偿删帖、移动应用内容和社区问答
2019-07-07,重庆渝北区委原常委吴德华的相关案情报告提到，孙政才案发后，吴德华怕自己牵连其中，专门托人从境外带回两本反动杂志，意图刺探孙政才案件相关信息；2018年初，吴德华又从境外购买4本反动杂志阅读并保留至案发。,党团人事组织,2.0,https://www.wjdaily.com/news/218405,,,https://www.wjdaily.com/news/218405
2018-10-19,贵州省委原常委、省政府原副省长王晓光的双开通报提到，王晓光违反政治纪律和政治规矩，政治信仰缺失，热衷于阅看有严重政治问题的境外书刊。,党团人事组织,2.0,http://www.bjnews.com.cn/news/2018/10/19/512240.html,,,贵州省委原常委、省政府原副省长王晓光的双开通报提到，王晓光违反政治纪律和政治规矩，政治信仰缺失，热衷于阅看有严重政治问题的境外书刊
2020-10-29,贵州省委原常委、省政府原副省长王晓光的双开通报提到，王晓光违反政治纪律和政治规矩，政治信仰缺失，热衷于阅看有严重政治问题的境外书刊。,党团人事组织,2.0,http://www.bjnews.com.cn/news/2018/10/19/512240.html,,,贵州省委原常委、省政府原副省长王晓光的双开通报提到，王晓光违反政治纪律和政治规矩，政治信仰缺失，热衷于阅看有严重政治问题的境外书刊
2020-11-11,据路透社今天报道说，习近平强调落实总体国家安全观 聚焦影响国家安全、社会安定、人民安宁的突出问题。路透社引述中国官方的新华社周三消息，指习近平在平安中国建设工作会议上发表讲，据习近平指出，要深化平安创建活动，加强基层组织、基础工作、基本能力建设，全面提升平安中国建设科学化、社会化、法治化、智能化水平，不断增强人民群众获得感、幸福感、安全感。,宣传平台及运动,3.0,http://www.rfi.fr//cn/中国/20201111-习近平发指示-强调3安,,https://i.imgur.com/yZ1oK0s.jpeg,习近平发指示 强调3安
2020-11-11,中国历史学家沈志华11月5日在首都师范大学通过网络平台哔哩哔哩有关“苏联社会主义”的演讲直播，因为恶意举报被迫中断，引起外界广泛关注。近日又有一篇网传的公开信指责沈志华是搞历史虚无主义，并为恶意举报辩护。沈志华以对前苏联揭秘档案的研究，在中国史学界成名多年。  ,打击学术自由,3.0,https://www.rfa.org/mandarin/yataibaodao/meiti/wy-11112020104149.html, 沈志华教授（华东师范大学历史学系官网） ,https://i.imgur.com/MsCtvq1.png,沈志华直播被举报   中国历史研究的无奈
2020-11-10,北京民主维权人士、“新公民运动”成员张宝成涉嫌寻衅滋事、宣扬恐怖主义、极端主义案，周二（10日）宣判。法院裁定张宝成罪成，判刑三年零六个月，协助“六四天网”创办人黄琦的母亲维权成为主要罪证。  ,禁言与政治迫害,4.0,https://www.rfa.org/mandarin/yataibaodao/renquanfazhi/gf1-11102020065710.html,,,“新公民运动”成员张宝成“宣扬恐怖主义”等罪成判刑三年半
2018-12-13,重庆市纪委监委消息称，丰都县国土房管局原党组书记、局长李强华严重违纪违法被双开。经查，李强华违反政治纪律，阅看有严重政治问题的境外书刊。,党团人事组织,2.0,http://cq.ifeng.com/a/20181213/7096923_0.shtml,,,重庆市纪委监委消息称，丰都县国土房管局原党组书记、局长李强华严重违纪违法被双开。经查，李强华违反政治纪律，阅看有严重政治问题的境外书刊。
2020-11-11,中国农民企业家孙大午周三（11月11日）凌晨被警方带走。其罪名是涉嫌“寻衅滋事”、“破坏生产经营”等违法犯罪。  孙大午是河北大午农牧集团公司的创始人，曾经是闻名全国的“养鸡状元”。有目击者透露，警方是在午夜采取的行动。孙大午的妻子、长子和集团董事长孙萌也遭到扣押，公司大约有十几人被警方带走。目击者说，公司被警方包围，地方政府全面接管了大午集团，要求除财务部门之外其它所有分公司和服务网点照常营业。,禁言与政治迫害,3.0,https://www.voachinese.com/a/Chinese-farmer-who-praised-lawyers-amid-crackdown-arrested-20201111/5656939.html,资料照：中国河北养猪农民孙大午在饲料仓库里 （2019年9月24日）,https://i.imgur.com/OWgEFHA.jpg,中国农民企业家孙大午被警方带走，疑是因言获罪
2020-10-29,10月29日午间，三湘风纪网发布消息称，长沙市委原常委、市政府原常务副市长陈泽珲被开除党籍；通报称，经查，陈泽珲违反政治纪律，私自从国（境）外购买、携带有严重政治问题的书刊入境并长期阅看、私藏.,党团人事组织,2.0,http://www.ccdi.gov.cn/yaowen/202010/t20201029_228880.html,,,长沙市委原常委、市政府原常务副市长陈泽珲被开除党籍；
2019-07-07,重庆粮食集团有限责任公司原党委书记、董事长王银峰严重违纪违法被开除党籍和公职。通报称，王银峰大搞政治攀附，热衷于阅看、私藏有严重政治问题的书刊、文章等。,党团人事组织,2.0,http://m.xinhuanet.com/2019-07/07/c_1210183601.htm,,, 再有重庆厅官冯跃 购买阅读政治问题境外书刊
2019-05-24,重庆能源集团原党委书记、董事长冯跃案警示文章提到，冯跃私自购买、阅读、存放有严重政治问题的境外书刊。,党团人事组织,2.0,http://www.uzaobao.com/mon/dapan/20190524/57512.html,,, 再有重庆厅官冯跃 购买阅读政治问题境外书刊
2012-09-12,"9月12日，中国独立作家、《讨伐中宣部》作者、原北京大学新闻与传播学院副教授焦国标被北京海淀区国保从家中带走，后被以涉嫌""煽动颠覆国家政权罪""刑事拘留，关押于海淀看守所中。直到焦国标被带走五天之后的9月17日，多家外媒披露了该消息。",禁言与政治迫害,3,https://www.dw.com/zh/%E8%AE%A8%E4%BC%90%E4%B8%AD%E5%AE%A3%E9%83%A8%E4%BD%9C%E5%AE%B6%E5%A4%B1%E8%87%AA%E7%94%B1/a-16250687,,,讨伐中宣部，作家失自由
